,time,A:SPY,B:QQQ
1,2022/3/11 0:33,420.64,326.95
2,2022/3/11 0:34,420.81,327.01
3,2022/3/11 0:35,420.59,326.89
4,2022/3/11 0:36,420.65,326.98
5,2022/3/11 0:37,420.83,327.24
6,2022/3/11 0:38,420.82,327.3
7,2022/3/11 0:39,420.61,327.24
8,2022/3/11 0:40,420.805,327.49
9,2022/3/11 0:41,420.66,327.22
10,2022/3/11 0:42,420.81,327.32
11,2022/3/11 0:43,420.79,327.29
12,2022/3/11 0:44,421.27,327.7
13,2022/3/11 0:45,421.07,327.51
14,2022/3/11 0:46,421.02,327.38
15,2022/3/11 0:47,420.91,327.29
16,2022/3/11 0:48,421.13,327.51
17,2022/3/11 0:49,421.16,327.58
18,2022/3/11 0:50,421.19,327.76
19,2022/3/11 0:51,421.34,327.92
20,2022/3/11 0:52,421.7,328.13
21,2022/3/11 0:53,421.9,328.3
22,2022/3/11 0:54,421.7,328.16
23,2022/3/11 0:55,421.52,327.9
24,2022/3/11 0:56,421.54,327.89
25,2022/3/11 0:57,421.59,327.95
26,2022/3/11 0:58,421.69,328.12
27,2022/3/11 0:59,421.9,328.33
28,2022/3/11 1:00,421.85,328.22
29,2022/3/11 1:01,422.19,328.56
30,2022/3/11 1:02,422.16,328.5
31,2022/3/11 1:03,421.95,328.25
32,2022/3/11 1:04,422.09,328.35
33,2022/3/11 1:05,422.29,328.57
34,2022/3/11 1:06,422.19,328.48
35,2022/3/11 1:07,421.96,328.14
36,2022/3/11 1:08,421.77,327.95
37,2022/3/11 1:09,421.82,327.92
38,2022/3/11 1:10,421.83,327.86
39,2022/3/11 1:11,421.74,327.82
40,2022/3/11 1:12,421.93,328.05
41,2022/3/11 1:13,421.87,328
42,2022/3/11 1:14,422.05,328.23
43,2022/3/11 1:15,422.16,328.35
44,2022/3/11 1:16,422.15,328.23
45,2022/3/11 1:17,421.94,328.12
46,2022/3/11 1:18,422.07,328.24
47,2022/3/11 1:19,422.14,328.35
48,2022/3/11 1:20,422.07,328.27
49,2022/3/11 1:21,422.55,328.99
50,2022/3/11 1:22,422.81,329.15
51,2022/3/11 1:23,423.015,329.35
52,2022/3/11 1:24,423.06,329.37
53,2022/3/11 1:25,422.9,329.18
54,2022/3/11 1:26,422.87,329.12
55,2022/3/11 1:27,422.89,329.06
56,2022/3/11 1:28,422.79,328.88
57,2022/3/11 1:29,422.86,328.95
58,2022/3/11 1:30,422.77,328.87
59,2022/3/11 1:31,422.71,328.83
60,2022/3/11 1:32,422.54,328.59
61,2022/3/11 1:33,422.39,328.57
62,2022/3/11 1:34,422.36,328.49
63,2022/3/11 1:35,422.07,328.19
64,2022/3/11 1:36,421.84,327.9
65,2022/3/11 1:37,421.96,328.03
66,2022/3/11 1:38,421.86,327.92
67,2022/3/11 1:39,421.79,327.85
68,2022/3/11 1:40,421.78,327.89
69,2022/3/11 1:41,421.61,327.78
70,2022/3/11 1:42,421.63,327.82
71,2022/3/11 1:43,421.51,327.75
72,2022/3/11 1:44,421.62,327.89
73,2022/3/11 1:45,421.59,327.83
74,2022/3/11 1:46,421.68,327.94
75,2022/3/11 1:47,421.75,328.07
76,2022/3/11 1:48,421.67,328.01
77,2022/3/11 1:49,421.85,328.18
78,2022/3/11 1:50,421.72,328.08
79,2022/3/11 1:51,421.63,327.86
80,2022/3/11 1:52,421.42,327.66
81,2022/3/11 1:53,421.31,327.51
82,2022/3/11 1:54,421.32,327.49
83,2022/3/11 1:55,421.41,327.51
84,2022/3/11 1:56,421.54,327.67
85,2022/3/11 1:57,421.48,327.63
86,2022/3/11 1:58,421.55,327.62
87,2022/3/11 1:59,421.46,327.51
88,2022/3/11 2:00,421.43,327.5
89,2022/3/11 2:01,421.52,327.62
90,2022/3/11 2:02,421.74,328.04
91,2022/3/11 2:03,421.41,327.64
92,2022/3/11 2:04,421.14,327.37
93,2022/3/11 2:05,421.3,327.55
94,2022/3/11 2:06,421.54,327.83
95,2022/3/11 2:07,421.51,327.79
96,2022/3/11 2:08,421.48,327.66
97,2022/3/11 2:09,421.53,327.56
98,2022/3/11 2:10,421.81,327.83
99,2022/3/11 2:11,421.9,327.87
100,2022/3/11 2:12,422.05,328.04
101,2022/3/11 2:13,421.92,327.95
102,2022/3/11 2:14,421.74,327.74
103,2022/3/11 2:15,421.72,327.68
104,2022/3/11 2:16,421.9,327.84
105,2022/3/11 2:17,422.05,327.99
106,2022/3/11 2:18,422.19,328.17
107,2022/3/11 2:19,422.48,328.51
108,2022/3/11 2:20,422.57,328.51
109,2022/3/11 2:21,422.19,328.17
110,2022/3/11 2:22,422.305,328.36
111,2022/3/11 2:23,422.25,328.27
112,2022/3/11 2:24,422.3,328.4
113,2022/3/11 2:25,422,328.1
114,2022/3/11 2:26,422.06,328.21
115,2022/3/11 2:27,422.31,328.39
116,2022/3/11 2:28,422.4,328.56
117,2022/3/11 2:29,422.38,328.575
118,2022/3/11 2:30,422.48,328.72
119,2022/3/11 2:31,422.35,328.7
120,2022/3/11 2:32,422.28,328.49
121,2022/3/11 2:33,422.31,328.52
122,2022/3/11 2:34,422.69,328.98
123,2022/3/11 2:35,422.81,329.18
124,2022/3/11 2:36,422.85,329.14
125,2022/3/11 2:37,422.59,328.98
126,2022/3/11 2:38,422.5,328.77
127,2022/3/11 2:39,422.43,328.85
128,2022/3/11 2:40,422.5,328.81
129,2022/3/11 2:41,422.34,328.54
130,2022/3/11 2:42,422.32,328.47
131,2022/3/11 2:43,422.42,328.58
132,2022/3/11 2:44,422.42,328.54
133,2022/3/11 2:45,422.83,329
134,2022/3/11 2:46,422.97,329.19
135,2022/3/11 2:47,423.22,329.55
136,2022/3/11 2:48,423.21,329.37
137,2022/3/11 2:49,423.7,329.94
138,2022/3/11 2:50,423.52,329.85
139,2022/3/11 2:51,423.68,330.02
140,2022/3/11 2:52,423.43,329.88
141,2022/3/11 2:53,423.36,329.78
142,2022/3/11 2:54,423.46,329.89
143,2022/3/11 2:55,423.4,329.81
144,2022/3/11 2:56,423.32,329.71
145,2022/3/11 2:57,423.43,329.87
146,2022/3/11 2:58,423.725,330.22
147,2022/3/11 2:59,423.48,329.85
148,2022/3/11 3:00,423.52,329.9
149,2022/3/11 3:01,423.42,329.78
150,2022/3/11 3:02,423.44,329.88
151,2022/3/11 3:03,424.32,330.86
152,2022/3/11 3:04,424.92,331.58
153,2022/3/11 3:05,424.65,331.48
154,2022/3/11 3:06,424.52,331.2
155,2022/3/11 3:07,424.53,331.29
156,2022/3/11 3:08,424.3,331.02
157,2022/3/11 3:09,424.17,330.89
158,2022/3/11 3:10,424.14,330.95
159,2022/3/11 3:11,424.03,330.8
160,2022/3/11 3:12,424.25,330.96
161,2022/3/11 3:13,424.25,330.76
162,2022/3/11 3:14,424.22,330.7
163,2022/3/11 3:15,424.32,330.77
164,2022/3/11 3:16,424.69,331.21
165,2022/3/11 3:17,424.63,331.04
166,2022/3/11 3:18,424.91,331.32
167,2022/3/11 3:19,424.59,330.98
168,2022/3/11 3:20,424.73,331.18
169,2022/3/11 3:21,424.48,330.81
170,2022/3/11 3:22,424.18,330.49
171,2022/3/11 3:23,424.26,330.66
172,2022/3/11 3:24,424.17,330.71
173,2022/3/11 3:25,424.31,330.75
174,2022/3/11 3:26,424.69,331.3
175,2022/3/11 3:27,424.86,331.45
176,2022/3/11 3:28,424.73,331.31
177,2022/3/11 3:29,424.79,331.36
178,2022/3/11 3:30,424.95,331.51
179,2022/3/11 3:31,425,331.5
180,2022/3/11 3:32,425.06,331.52
181,2022/3/11 3:33,424.97,331.39
182,2022/3/11 3:34,424.92,331.45
183,2022/3/11 3:35,424.76,331.24
184,2022/3/11 3:36,424.98,331.44
185,2022/3/11 3:37,425.04,331.48
186,2022/3/11 3:38,425.17,331.61
187,2022/3/11 3:39,424.98,331.47
188,2022/3/11 3:40,425.07,331.55
189,2022/3/11 3:41,425.155,331.68
190,2022/3/11 3:42,425.02,331.57
191,2022/3/11 3:43,424.59,331.09
192,2022/3/11 3:44,424.5,330.86
193,2022/3/11 3:45,424.75,331.19
194,2022/3/11 3:46,424.59,330.98
195,2022/3/11 3:47,425.06,331.41
196,2022/3/11 3:48,425.74,332.09
197,2022/3/11 3:49,425.78,332.15
198,2022/3/11 3:50,425.89,332.24
199,2022/3/11 3:51,425.63,332.09
200,2022/3/11 3:52,425.84,332.25
201,2022/3/11 3:53,425.74,332.21
202,2022/3/11 3:54,425.55,331.98
203,2022/3/11 3:55,425.68,332.11
204,2022/3/11 3:56,425.86,332.4
205,2022/3/11 3:57,425.85,332.42
206,2022/3/11 3:58,425.79,332.23
207,2022/3/11 3:59,425.66,332.09
208,2022/3/11 4:00,425.42,331.78
209,2022/3/11 4:01,425.1,331.49
210,2022/3/11 4:02,425.2,331.63
211,2022/3/11 4:03,425.25,331.63
212,2022/3/11 4:04,424.8,331.16
213,2022/3/11 4:05,425,331.34
214,2022/3/11 4:06,424.8,331.11
215,2022/3/11 4:07,424.51,330.79
216,2022/3/11 4:08,424.42,330.63
217,2022/3/11 4:09,424.59,330.91
218,2022/3/11 4:10,424.56,330.84
219,2022/3/11 4:11,424.62,331
220,2022/3/11 4:12,424.81,331.13
221,2022/3/11 4:13,424.91,331.4
222,2022/3/11 4:14,425.15,331.51
223,2022/3/11 4:15,425.09,331.43
224,2022/3/11 4:16,425.38,331.73
225,2022/3/11 4:17,425.36,331.65
226,2022/3/11 4:18,425.06,331.41
227,2022/3/11 4:19,425.03,331.45
228,2022/3/11 4:20,425.27,331.64
229,2022/3/11 4:21,424.96,331.3
230,2022/3/11 4:22,424.64,331.14
231,2022/3/11 4:23,424.17,330.62
232,2022/3/11 4:24,424.4,330.79
233,2022/3/11 4:25,424.54,330.935
234,2022/3/11 4:26,424.72,331.08
235,2022/3/11 4:27,424.76,331.17
236,2022/3/11 4:28,424.58,330.93
237,2022/3/11 4:29,424.89,331.14
238,2022/3/11 4:30,424.84,331.16
239,2022/3/11 4:31,424.98,331.43
240,2022/3/11 4:32,424.89,331.28
241,2022/3/11 4:33,424.84,331.24
242,2022/3/11 4:34,424.94,331.38
243,2022/3/11 4:35,424.96,331.35
244,2022/3/11 4:36,424.81,331.2
245,2022/3/11 4:37,424.56,330.97
246,2022/3/11 4:38,424.41,330.71
247,2022/3/11 4:39,424.62,330.91
248,2022/3/11 4:40,424.82,331.07
249,2022/3/11 4:41,425.32,331.59
250,2022/3/11 4:42,425.11,331.37
251,2022/3/11 4:43,425.1,331.34
252,2022/3/11 4:44,424.905,331.2
253,2022/3/11 4:45,424.9,331.06
254,2022/3/11 4:46,424.76,330.86
255,2022/3/11 4:47,425.23,331.34
256,2022/3/11 4:48,424.96,331.1
257,2022/3/11 4:49,424.86,331.02
258,2022/3/11 4:50,425.38,331.41
259,2022/3/11 4:51,425.75,331.68
260,2022/3/11 4:52,425.86,331.88
261,2022/3/11 4:53,426.31,332.27
262,2022/3/11 4:54,426.01,331.99
263,2022/3/11 4:55,425.95,331.98
264,2022/3/11 4:56,425.92,331.77
265,2022/3/11 4:57,425.74,331.59
266,2022/3/11 4:58,425.95,331.74
267,2022/3/11 4:59,425.47,331.415
268,2022/3/11 5:00,425.36,331
269,2022/3/11 5:01,425.26,330.98
270,2022/3/11 5:02,425.3,331.11
271,2022/3/11 5:03,425.43,331.14
272,2022/3/11 5:05,425.28,331.04
273,2022/3/11 5:06,425.16,330.77
274,2022/3/11 5:07,425.14,330.8
275,2022/3/11 5:08,425.16,330.86
276,2022/3/11 5:09,425.3,330.96
277,2022/3/11 5:11,425.53,331.08
278,2022/3/11 5:12,425.62,331.02
279,2022/3/11 5:13,425.63,331
280,2022/3/11 5:14,425.66,331.08
281,2022/3/11 5:15,425.7,331.09
282,2022/3/11 5:16,425.65,331.12
283,2022/3/11 5:18,425.65,331.05
284,2022/3/11 5:25,425.79,331.32
285,2022/3/11 5:28,425.8,331.2
286,2022/3/11 5:29,425.72,331.2
287,2022/3/11 5:31,425.73,331.19
288,2022/3/11 5:35,425.64,331.01
289,2022/3/11 5:40,425.8,331.18
290,2022/3/11 5:42,425.76,331.1
291,2022/3/11 5:44,425.72,331.02
292,2022/3/11 5:46,425.63,331
293,2022/3/11 5:48,425.8,330.91
294,2022/3/11 5:51,425.69,331.1
295,2022/3/11 5:54,425.72,331.11
296,2022/3/11 5:56,425.48,331
297,2022/3/11 6:04,425.4,330.98
298,2022/3/11 6:28,425.4,330.75
299,2022/3/11 6:54,425.24,330.75
300,2022/3/11 7:00,425.2,330.92
301,2022/3/11 7:08,426.04,331.4
302,2022/3/11 7:18,426.19,331.64
303,2022/3/11 7:45,426.05,331.6
304,2022/3/11 7:49,426.48,331.71
305,2022/3/11 8:02,425.92,331.44
306,2022/3/11 8:42,425.79,331.24
307,2022/3/11 8:54,425.15,330.96
308,2022/3/11 20:00,431.23,336.63
309,2022/3/11 20:02,430.91,336.2
310,2022/3/11 20:03,430.76,335.95
311,2022/3/11 20:04,430.94,336.35
312,2022/3/11 20:06,430.99,336.2
313,2022/3/11 20:08,430.97,336.37
314,2022/3/11 20:11,431.4,336.55
315,2022/3/11 20:13,431.5,336.42
316,2022/3/11 20:14,431.33,336.72
317,2022/3/11 20:17,431.31,336.63
318,2022/3/11 20:21,431.33,336.78
319,2022/3/11 20:22,431.43,336.95
320,2022/3/11 20:25,430.98,336.45
321,2022/3/11 20:26,430.81,336.43
322,2022/3/11 20:27,430.75,336.42
323,2022/3/11 20:28,430.69,336.62
324,2022/3/11 20:30,431.21,336.92
325,2022/3/11 20:32,431.15,336.94
326,2022/3/11 20:33,431,336.9
327,2022/3/11 20:34,431.01,336.81
328,2022/3/11 20:35,431.06,336.93
329,2022/3/11 20:40,431.26,337.02
330,2022/3/11 20:42,431.15,336.76
331,2022/3/11 20:46,430.76,336.56
332,2022/3/11 20:48,430.63,336.42
333,2022/3/11 20:49,430.73,336.46
334,2022/3/11 20:50,430.65,336.45
335,2022/3/11 20:51,430.61,336.41
336,2022/3/11 20:54,430.27,336.12
337,2022/3/11 20:56,429.94,335.74
338,2022/3/11 20:57,429.95,335.91
339,2022/3/11 21:00,430.12,336
340,2022/3/11 21:02,429.83,335.75
341,2022/3/11 21:03,429.98,335.89
342,2022/3/11 21:05,429.8,335.73
343,2022/3/11 21:07,430,335.77
344,2022/3/11 21:09,430.17,335.87
345,2022/3/11 21:10,430.02,335.71
346,2022/3/11 21:11,429.95,335.85
347,2022/3/11 21:12,429.61,335.41
348,2022/3/11 21:13,429.42,335.11
349,2022/3/11 21:14,429.45,335.21
350,2022/3/11 21:15,429.72,335.27
351,2022/3/11 21:16,429.58,335.36
352,2022/3/11 21:17,429.52,335.29
353,2022/3/11 21:18,429.26,335.21
354,2022/3/11 21:19,429.23,335.15
355,2022/3/11 21:20,429.2,334.96
356,2022/3/11 21:21,429.56,335.36
357,2022/3/11 21:22,429.51,335.35
358,2022/3/11 21:24,429.52,335.42
359,2022/3/11 21:25,429.6,335.5
360,2022/3/11 21:26,429.74,335.6
361,2022/3/11 21:27,429.66,335.56
362,2022/3/11 21:28,429.78,335.63
363,2022/3/11 21:30,430.16,335.65
364,2022/3/11 21:31,430.08,335.73
365,2022/3/11 21:32,429.95,335.69
366,2022/3/11 21:33,429.73,335.55
367,2022/3/11 21:35,429.55,335.42
368,2022/3/11 21:36,429.85,335.56
369,2022/3/11 21:37,429.75,335.55
370,2022/3/11 21:38,429.94,335.77
371,2022/3/11 21:40,429.45,335.38
372,2022/3/11 21:41,429.42,335.28
373,2022/3/11 21:42,429.33,335.2
374,2022/3/11 21:43,429.21,335.16
375,2022/3/11 21:44,429.29,335.27
376,2022/3/11 21:48,428.96,334.89
377,2022/3/11 21:49,429,334.93
378,2022/3/11 21:50,428.99,335.12
379,2022/3/11 21:53,429.27,335.35
380,2022/3/11 21:54,429.22,335.29
381,2022/3/11 21:55,429.28,335.3
382,2022/3/11 21:56,429.04,335.11
383,2022/3/11 21:57,429.04,334.95
384,2022/3/11 21:58,428.84,335.03
385,2022/3/11 22:00,428.77,335.04
386,2022/3/11 22:01,429.11,335.22
387,2022/3/11 22:02,429.14,335.35
388,2022/3/11 22:04,429.02,335.33
389,2022/3/11 22:05,428.72,335.16
390,2022/3/11 22:08,428.61,334.83
391,2022/3/11 22:09,428.63,334.9
392,2022/3/11 22:10,428.6,334.92
393,2022/3/11 22:11,428.65,334.97
394,2022/3/11 22:12,428.57,334.99
395,2022/3/11 22:13,428.49,334.52
396,2022/3/11 22:14,428.44,334.69
397,2022/3/11 22:16,428.49,334.77
398,2022/3/11 22:18,428.69,334.81
399,2022/3/11 22:19,428.74,334.9
400,2022/3/11 22:20,428.73,334.95
401,2022/3/11 22:21,428.69,334.93
402,2022/3/11 22:22,428.6,334.63
403,2022/3/11 22:24,428.78,334.95
404,2022/3/11 22:25,428.55,334.8
405,2022/3/11 22:26,428.66,334.71
406,2022/3/11 22:27,428.47,334.4
407,2022/3/11 22:28,428.415,334.43
408,2022/3/11 22:29,428.13,334.32
409,2022/3/11 22:30,428.54,334.37
410,2022/3/11 22:31,428.45,334.1
411,2022/3/11 22:32,428.29,333.49
412,2022/3/11 22:33,428.35,333.57
413,2022/3/11 22:34,428.22,333.43
414,2022/3/11 22:35,428.54,333.59
415,2022/3/11 22:36,428.55,333.52
416,2022/3/11 22:37,428.65,333.87
417,2022/3/11 22:38,427.95,332.76
418,2022/3/11 22:39,427.69,332.3
419,2022/3/11 22:40,427.4,332.24
420,2022/3/11 22:41,427.53,332.19
421,2022/3/11 22:42,427.87,332.49
422,2022/3/11 22:43,427.9,332.52
423,2022/3/11 22:44,427.78,332.43
424,2022/3/11 22:45,427.91,332.63
425,2022/3/11 22:46,428.28,332.87
426,2022/3/11 22:47,428.11,332.47
427,2022/3/11 22:48,428.14,332.4
428,2022/3/11 22:49,428.15,332.51
429,2022/3/11 22:50,428.38,333.08
430,2022/3/11 22:51,428.13,332.67
431,2022/3/11 22:52,427.92,332.49
432,2022/3/11 22:53,427.65,332.17
433,2022/3/11 22:54,427.24,331.67
434,2022/3/11 22:55,426.95,331.33
435,2022/3/11 22:56,426.81,331.24
436,2022/3/11 22:57,427.01,331.35
437,2022/3/11 22:58,426.98,331.34
438,2022/3/11 22:59,427.17,331.52
439,2022/3/11 23:00,425.79,330.22
440,2022/3/11 23:01,425.97,330.51
441,2022/3/11 23:02,425.82,330.32
442,2022/3/11 23:03,425.79,330.3
443,2022/3/11 23:04,425.59,330.17
444,2022/3/11 23:05,426,330.65
445,2022/3/11 23:06,426.05,330.68
446,2022/3/11 23:07,425.76,330.43
447,2022/3/11 23:08,426.05,330.65
448,2022/3/11 23:09,425.03,329.86
449,2022/3/11 23:10,425.56,330.21
450,2022/3/11 23:11,425.75,330.43
451,2022/3/11 23:12,425.67,330.36
452,2022/3/11 23:13,425.93,330.6
453,2022/3/11 23:14,425.66,330.33
454,2022/3/11 23:15,425.59,330.16
455,2022/3/11 23:16,425.52,329.99
456,2022/3/11 23:17,425.52,329.93
457,2022/3/11 23:18,425.67,329.88
458,2022/3/11 23:19,425.53,329.93
459,2022/3/11 23:20,425.05,329.51
460,2022/3/11 23:21,425.17,329.665
461,2022/3/11 23:22,425.285,329.8
462,2022/3/11 23:23,425.33,329.91
463,2022/3/11 23:24,425.34,329.87
464,2022/3/11 23:25,425.62,330.04
465,2022/3/11 23:26,425.91,330.39
466,2022/3/11 23:27,426.25,330.63
467,2022/3/11 23:28,425.89,330.23
468,2022/3/11 23:29,425.76,330.13
469,2022/3/11 23:30,425.68,330.15
470,2022/3/11 23:31,425.03,329.62
471,2022/3/11 23:32,425.07,329.52
472,2022/3/11 23:33,425.18,329.67
473,2022/3/11 23:34,425.09,329.47
474,2022/3/11 23:35,425.49,329.94
475,2022/3/11 23:36,425.56,329.83
476,2022/3/11 23:37,425.75,330.13
477,2022/3/11 23:38,425.8,330.17
478,2022/3/11 23:39,425.84,330.19
479,2022/3/11 23:40,425.82,330.33
480,2022/3/11 23:41,426.44,330.89
481,2022/3/11 23:42,425.99,330.55
482,2022/3/11 23:43,426.01,330.47
483,2022/3/11 23:44,425.9,330.33
484,2022/3/11 23:45,425.76,330.15
485,2022/3/11 23:46,426.18,330.61
486,2022/3/11 23:47,426.23,330.77
487,2022/3/11 23:48,426.17,330.6
488,2022/3/11 23:49,426.09,330.5
489,2022/3/11 23:50,426.31,330.64
490,2022/3/11 23:51,426.7,331.03
491,2022/3/11 23:52,426.57,330.87
492,2022/3/11 23:53,426.49,330.79
493,2022/3/11 23:54,426.49,330.82
494,2022/3/11 23:55,426.4,330.63
495,2022/3/11 23:56,426.675,330.76
496,2022/3/11 23:57,426.97,331.04
497,2022/3/11 23:58,426.81,330.76
498,2022/3/11 23:59,426.96,331.08
499,2022/3/12 0:00,426.59,330.53
500,2022/3/12 0:01,426.57,330.43
501,2022/3/12 0:02,426.7,330.5
502,2022/3/12 0:03,426.66,330.5
503,2022/3/12 0:04,426.35,330.23
504,2022/3/12 0:05,426.02,329.84
505,2022/3/12 0:06,425.71,329.46
506,2022/3/12 0:07,425.79,329.44
507,2022/3/12 0:08,425.9,329.56
508,2022/3/12 0:09,425.8,329.58
509,2022/3/12 0:10,425.82,329.72
510,2022/3/12 0:11,425.65,329.58
511,2022/3/12 0:12,425.21,329.01
512,2022/3/12 0:13,425.34,329.04
513,2022/3/12 0:14,425.33,328.98
514,2022/3/12 0:15,425.37,328.96
515,2022/3/12 0:16,425.44,329.13
516,2022/3/12 0:17,425.49,329.025
517,2022/3/12 0:18,425.42,329.06
518,2022/3/12 0:19,425.63,329.2
519,2022/3/12 0:20,425.93,329.44
520,2022/3/12 0:21,426.05,329.6
521,2022/3/12 0:22,425.52,329.26
522,2022/3/12 0:23,425.5,329.07
523,2022/3/12 0:24,425.71,329.24
524,2022/3/12 0:25,425.59,329.13
525,2022/3/12 0:26,425.46,328.96
526,2022/3/12 0:27,425.53,329.03
527,2022/3/12 0:28,425.31,328.73
528,2022/3/12 0:29,425.2,328.63
529,2022/3/12 0:30,425,328.3
530,2022/3/12 0:31,424.67,328.11
531,2022/3/12 0:32,424.27,327.62
532,2022/3/12 0:33,424.34,327.78
533,2022/3/12 0:34,424.24,327.71
534,2022/3/12 0:35,424.42,327.92
535,2022/3/12 0:36,424.5,327.84
536,2022/3/12 0:37,424.68,327.99
537,2022/3/12 0:38,424.73,327.96
538,2022/3/12 0:39,424.78,328.02
539,2022/3/12 0:40,424.59,327.76
540,2022/3/12 0:41,424.44,327.64
541,2022/3/12 0:42,424.34,327.86
542,2022/3/12 0:43,424.44,327.95
543,2022/3/12 0:44,424.58,328.09
544,2022/3/12 0:45,424.49,328.15
545,2022/3/12 0:46,424.58,328.27
546,2022/3/12 0:47,424.83,328.54
547,2022/3/12 0:48,424.84,328.51
548,2022/3/12 0:49,424.68,328.41
549,2022/3/12 0:50,424.43,328.15
550,2022/3/12 0:51,424.385,328.01
551,2022/3/12 0:52,424.47,328.13
552,2022/3/12 0:53,424.34,327.97
553,2022/3/12 0:54,424.4,328.02
554,2022/3/12 0:55,424.55,328.27
555,2022/3/12 0:56,424.14,327.89
556,2022/3/12 0:57,424.25,328.07
557,2022/3/12 0:58,424.26,327.97
558,2022/3/12 0:59,424.39,328.24
559,2022/3/12 1:00,424.2,328.1
560,2022/3/12 1:01,423.93,327.89
561,2022/3/12 1:02,423.86,327.86
562,2022/3/12 1:03,423.93,327.89
563,2022/3/12 1:04,424.3,328.23
564,2022/3/12 1:05,424.33,328.39
565,2022/3/12 1:06,424.08,328.09
566,2022/3/12 1:07,423.98,328.08
567,2022/3/12 1:08,423.76,327.9
568,2022/3/12 1:09,423.62,327.65
569,2022/3/12 1:10,423.9,327.98
570,2022/3/12 1:11,423.83,327.99
571,2022/3/12 1:12,424.07,328.11
572,2022/3/12 1:13,424.01,328.1
573,2022/3/12 1:14,423.76,327.85
574,2022/3/12 1:15,423.86,327.83
575,2022/3/12 1:16,424.05,328.02
576,2022/3/12 1:17,424.19,328.12
577,2022/3/12 1:18,424.14,328.15
578,2022/3/12 1:19,424.62,328.7
579,2022/3/12 1:20,424.7,328.715
580,2022/3/12 1:21,424.51,328.46
581,2022/3/12 1:22,424.47,328.41
582,2022/3/12 1:23,424.3,328.3
583,2022/3/12 1:24,424.17,328.05
584,2022/3/12 1:25,423.97,327.88
585,2022/3/12 1:26,423.96,327.73
586,2022/3/12 1:27,423.64,327.41
587,2022/3/12 1:28,423.87,327.65
588,2022/3/12 1:29,423.45,327.3
589,2022/3/12 1:30,423.71,327.45
590,2022/3/12 1:31,423.69,327.41
591,2022/3/12 1:32,423.4,327.28
592,2022/3/12 1:33,423.59,327.43
593,2022/3/12 1:34,423.62,327.42
594,2022/3/12 1:35,423.26,327.06
595,2022/3/12 1:36,423.22,327.14
596,2022/3/12 1:37,423.06,326.94
597,2022/3/12 1:38,423.06,326.98
598,2022/3/12 1:39,423.1,326.92
599,2022/3/12 1:40,423.28,327.27
600,2022/3/12 1:41,423.35,327.26
601,2022/3/12 1:42,423.35,327.22
602,2022/3/12 1:43,423.42,327.25
603,2022/3/12 1:44,423.72,327.59
604,2022/3/12 1:45,423.6,327.45
605,2022/3/12 1:46,423.9,327.74
606,2022/3/12 1:47,423.7,327.56
607,2022/3/12 1:48,423.75,327.69
608,2022/3/12 1:49,423.54,327.56
609,2022/3/12 1:50,423.78,327.67
610,2022/3/12 1:51,423.79,327.75
611,2022/3/12 1:52,423.75,327.68
612,2022/3/12 1:53,423.84,327.71
613,2022/3/12 1:54,423.85,327.75
614,2022/3/12 1:55,423.97,327.85
615,2022/3/12 1:56,424.28,328.1
616,2022/3/12 1:57,423.96,327.88
617,2022/3/12 1:58,423.9,327.85
618,2022/3/12 1:59,424.04,327.97
619,2022/3/12 2:00,423.75,327.71
620,2022/3/12 2:01,424.14,328.11
621,2022/3/12 2:02,424.45,328.46
622,2022/3/12 2:03,424.39,328.4
623,2022/3/12 2:04,424.35,328.43
624,2022/3/12 2:05,424.76,328.73
625,2022/3/12 2:06,424.51,328.58
626,2022/3/12 2:07,424.31,328.32
627,2022/3/12 2:08,424.18,328.14
628,2022/3/12 2:09,424.16,328.195
629,2022/3/12 2:10,424.32,328.32
630,2022/3/12 2:11,424.25,328.16
631,2022/3/12 2:12,424,327.91
632,2022/3/12 2:13,424.16,328.11
633,2022/3/12 2:14,424.07,328
634,2022/3/12 2:15,424.18,328.16
635,2022/3/12 2:16,424.35,328.25
636,2022/3/12 2:17,424.45,328.34
637,2022/3/12 2:18,424.64,328.5
638,2022/3/12 2:19,424.71,328.38
639,2022/3/12 2:20,424.785,328.69
640,2022/3/12 2:21,424.75,328.69
641,2022/3/12 2:22,424.92,329.03
642,2022/3/12 2:23,424.91,329.06
643,2022/3/12 2:24,425.06,329.19
644,2022/3/12 2:25,425.09,329.22
645,2022/3/12 2:26,424.95,329.09
646,2022/3/12 2:27,425,329.04
647,2022/3/12 2:28,425.08,329.07
648,2022/3/12 2:29,425,329.05
649,2022/3/12 2:30,424.98,329.03
650,2022/3/12 2:31,424.81,328.86
651,2022/3/12 2:32,424.89,328.91
652,2022/3/12 2:33,424.89,328.93
653,2022/3/12 2:34,424.84,328.93
654,2022/3/12 2:35,424.86,328.94
655,2022/3/12 2:36,424.97,328.98
656,2022/3/12 2:37,424.88,328.89
657,2022/3/12 2:38,424.67,328.65
658,2022/3/12 2:39,424.6,328.56
659,2022/3/12 2:40,424.66,328.65
660,2022/3/12 2:41,424.73,328.63
661,2022/3/12 2:42,424.79,328.87
662,2022/3/12 2:43,424.67,328.71
663,2022/3/12 2:44,424.94,328.93
664,2022/3/12 2:45,425.12,329.11
665,2022/3/12 2:46,425.11,329.08
666,2022/3/12 2:47,425.12,329.23
667,2022/3/12 2:48,425.22,329.16
668,2022/3/12 2:49,425.3,329.44
669,2022/3/12 2:50,424.71,328.89
670,2022/3/12 2:51,424.46,328.58
671,2022/3/12 2:52,424.41,328.48
672,2022/3/12 2:53,424.22,328.3
673,2022/3/12 2:54,424.06,328.2
674,2022/3/12 2:55,424.2,328.26
675,2022/3/12 2:56,424.28,328.33
676,2022/3/12 2:57,424.12,328.36
677,2022/3/12 2:58,423.76,327.81
678,2022/3/12 2:59,423.69,327.7
679,2022/3/12 3:00,423.76,327.79
680,2022/3/12 3:01,423.73,327.81
681,2022/3/12 3:02,423.97,328.01
682,2022/3/12 3:03,423.88,327.91
683,2022/3/12 3:04,424.06,327.91
684,2022/3/12 3:05,424.03,328
685,2022/3/12 3:06,424.08,327.99
686,2022/3/12 3:07,423.84,327.84
687,2022/3/12 3:08,423.85,327.83
688,2022/3/12 3:09,423.795,327.78
689,2022/3/12 3:10,423.77,327.75
690,2022/3/12 3:11,423.74,327.65
691,2022/3/12 3:12,423.92,327.95
692,2022/3/12 3:13,423.95,327.91
693,2022/3/12 3:14,423.86,327.82
694,2022/3/12 3:15,424.1,328.16
695,2022/3/12 3:16,424.11,328.15
696,2022/3/12 3:17,423.97,327.97
697,2022/3/12 3:18,423.89,327.93
698,2022/3/12 3:19,423.54,327.59
699,2022/3/12 3:20,423.56,327.63
700,2022/3/12 3:21,423.52,327.58
701,2022/3/12 3:22,423.71,327.78
702,2022/3/12 3:23,423.73,327.83
703,2022/3/12 3:24,423.85,327.89
704,2022/3/12 3:25,424.02,328.09
705,2022/3/12 3:26,423.79,327.87
706,2022/3/12 3:27,423.99,328.04
707,2022/3/12 3:28,424.35,328.51
708,2022/3/12 3:29,424.68,328.87
709,2022/3/12 3:30,424.54,328.68
710,2022/3/12 3:31,424.69,328.8
711,2022/3/12 3:32,424.54,328.72
712,2022/3/12 3:33,424.36,328.49
713,2022/3/12 3:34,424.28,328.34
714,2022/3/12 3:35,424.135,328.32
715,2022/3/12 3:36,424.25,328.42
716,2022/3/12 3:37,424.335,328.52
717,2022/3/12 3:38,424.16,328.39
718,2022/3/12 3:39,424.26,328.44
719,2022/3/12 3:40,423.83,328.04
720,2022/3/12 3:41,423.9,328.05
721,2022/3/12 3:42,423.79,327.97
722,2022/3/12 3:43,423.94,328.13
723,2022/3/12 3:44,423.59,327.8
724,2022/3/12 3:45,423.55,327.75
725,2022/3/12 3:46,423.56,327.75
726,2022/3/12 3:47,423.65,327.9
727,2022/3/12 3:48,423.62,327.91
728,2022/3/12 3:49,423.63,327.89
729,2022/3/12 3:50,423.29,327.72
730,2022/3/12 3:51,423.28,327.6
731,2022/3/12 3:52,423.1,327.39
732,2022/3/12 3:53,422.73,327.06
733,2022/3/12 3:54,423.07,327.23
734,2022/3/12 3:55,423.15,327.39
735,2022/3/12 3:56,423.08,327.34
736,2022/3/12 3:57,423.14,327.36
737,2022/3/12 3:58,423.12,327.38
738,2022/3/12 3:59,423.1,327.33
739,2022/3/12 4:00,422.87,327.24
740,2022/3/12 4:01,423.175,327.58
741,2022/3/12 4:02,422.87,327.44
742,2022/3/12 4:03,422.88,327.3
743,2022/3/12 4:04,422.85,327.26
744,2022/3/12 4:05,422.96,327.39
745,2022/3/12 4:06,422.63,327.07
746,2022/3/12 4:07,422.61,327.13
747,2022/3/12 4:08,422.42,326.83
748,2022/3/12 4:09,422.53,326.96
749,2022/3/12 4:10,422.66,326.99
750,2022/3/12 4:11,422.6,326.945
751,2022/3/12 4:12,422.36,326.7
752,2022/3/12 4:13,422.45,326.81
753,2022/3/12 4:14,422.4,326.68
754,2022/3/12 4:15,422.47,326.78
755,2022/3/12 4:16,422.47,326.74
756,2022/3/12 4:17,422.5,326.77
757,2022/3/12 4:18,422.69,326.98
758,2022/3/12 4:19,422.65,326.93
759,2022/3/12 4:20,422.71,326.92
760,2022/3/12 4:21,422.67,326.98
761,2022/3/12 4:22,422.66,326.86
762,2022/3/12 4:23,422.65,326.81
763,2022/3/12 4:24,422.42,326.67
764,2022/3/12 4:25,422.31,326.51
765,2022/3/12 4:26,422.25,326.39
766,2022/3/12 4:27,422.12,326.28
767,2022/3/12 4:28,422,326.16
768,2022/3/12 4:29,421.96,326.11
769,2022/3/12 4:30,421.66,325.86
770,2022/3/12 4:31,421.56,325.86
771,2022/3/12 4:32,421.36,325.85
772,2022/3/12 4:33,421.22,325.59
773,2022/3/12 4:34,421.18,325.53
774,2022/3/12 4:35,421.45,325.78
775,2022/3/12 4:36,421.63,325.95
776,2022/3/12 4:37,421.64,326.07
777,2022/3/12 4:38,421.59,326.01
778,2022/3/12 4:39,421.35,325.79
779,2022/3/12 4:40,421.05,325.5
780,2022/3/12 4:41,421.09,325.56
781,2022/3/12 4:42,421.52,325.9
782,2022/3/12 4:43,421.32,325.72
783,2022/3/12 4:44,421.19,325.66
784,2022/3/12 4:45,420.96,325.45
785,2022/3/12 4:46,420.96,325.36
786,2022/3/12 4:47,421,325.39
787,2022/3/12 4:48,421.07,325.49
788,2022/3/12 4:49,420.81,325.33
789,2022/3/12 4:50,420.69,324.95
790,2022/3/12 4:51,420.93,325.23
791,2022/3/12 4:52,420.89,325.06
792,2022/3/12 4:53,420.47,324.76
793,2022/3/12 4:54,420.38,324.53
794,2022/3/12 4:55,420.59,324.84
795,2022/3/12 4:56,420.59,324.79
796,2022/3/12 4:57,420.21,324.48
797,2022/3/12 4:58,420.11,324.39
798,2022/3/12 4:59,420.08,324.39
799,2022/3/12 5:00,420.2,324.68
800,2022/3/12 5:01,420.31,324.75
801,2022/3/12 5:02,420.26,324.64
802,2022/3/12 5:03,420.3,324.57
803,2022/3/12 5:04,420.34,324.47
804,2022/3/12 5:05,420.4,324.51
805,2022/3/12 5:06,420.26,324.61
806,2022/3/12 5:07,420.23,324.56
807,2022/3/12 5:08,420.2,324.54
808,2022/3/12 5:09,420.26,324.59
809,2022/3/12 5:10,420.21,324.49
810,2022/3/12 5:11,420.2,324.5
811,2022/3/12 5:12,420.22,324.5
812,2022/3/12 5:13,420.23,324.47
813,2022/3/12 5:14,420.3,324.59
814,2022/3/12 5:15,420.26,324.51
815,2022/3/12 5:16,420.22,324.44
816,2022/3/12 5:17,420.3,324.49
817,2022/3/12 5:18,420.26,324.53
818,2022/3/12 5:21,420.45,324.65
819,2022/3/12 5:23,420.465,324.76
820,2022/3/12 5:24,420.55,324.81
821,2022/3/12 5:25,420.53,324.85
822,2022/3/12 5:27,420.565,324.86
823,2022/3/12 5:28,420.49,324.86
824,2022/3/12 5:31,420.6,324.9
825,2022/3/12 5:35,420.58,324.92
826,2022/3/12 5:37,420.69,324.99
827,2022/3/12 5:38,420.665,324.96
828,2022/3/12 5:39,420.57,324.82
829,2022/3/12 5:44,420.42,324.81
830,2022/3/12 5:45,420.44,324.85
831,2022/3/12 5:47,420.42,324.81
832,2022/3/12 5:52,420.4,324.75
833,2022/3/12 5:53,420.36,324.69
834,2022/3/12 5:56,420.27,324.52
835,2022/3/12 5:58,420.25,324.5
836,2022/3/12 5:59,420.22,324.45
837,2022/3/12 6:04,420.22,324.5
838,2022/3/12 6:07,420.14,324.4
839,2022/3/12 6:16,420.1,324.4
840,2022/3/12 6:24,420.24,324.4
841,2022/3/12 6:46,420.05,324.4
842,2022/3/14 19:00,423.93,326.38
843,2022/3/14 19:01,423.85,326.26
844,2022/3/14 19:02,423.6,326
845,2022/3/14 19:03,423.52,325.91
846,2022/3/14 19:04,423.39,325.76
847,2022/3/14 19:05,423.4,325.81
848,2022/3/14 19:07,423.15,325.77
849,2022/3/14 19:08,423.17,325.65
850,2022/3/14 19:10,422.82,325.43
851,2022/3/14 19:14,423.2,325.73
852,2022/3/14 19:18,423.33,325.8
853,2022/3/14 19:19,423.26,325.77
854,2022/3/14 19:20,423.3,325.82
855,2022/3/14 19:24,423.14,325.72
856,2022/3/14 19:25,422.4,324.93
857,2022/3/14 19:26,422.47,324.95
858,2022/3/14 19:27,422.7,325.03
859,2022/3/14 19:28,422.59,324.92
860,2022/3/14 19:29,421.88,323.69
861,2022/3/14 19:30,421.81,323.86
862,2022/3/14 19:33,421.72,323.84
863,2022/3/14 19:34,421.63,323.84
864,2022/3/14 19:35,421.89,323.7
865,2022/3/14 19:37,422.25,324.39
866,2022/3/14 19:39,421.78,323.89
867,2022/3/14 19:40,421.57,323.61
868,2022/3/14 19:42,421.95,324.07
869,2022/3/14 19:46,421.65,322.83
870,2022/3/14 19:47,421,322.98
871,2022/3/14 19:48,420.93,322.79
872,2022/3/14 19:49,421.05,323.13
873,2022/3/14 19:51,421.09,323.07
874,2022/3/14 19:52,421.14,323.04
875,2022/3/14 19:53,420.84,322.83
876,2022/3/14 19:54,420.93,322.83
877,2022/3/14 19:56,420.71,322.55
878,2022/3/14 19:58,421.31,323.12
879,2022/3/14 20:01,421.18,323.09
880,2022/3/14 20:02,421.29,323.12
881,2022/3/14 20:04,421.42,323.3
882,2022/3/14 20:05,421.5,323.51
883,2022/3/14 20:06,421.56,323.63
884,2022/3/14 20:07,421.61,323.63
885,2022/3/14 20:08,421.49,323.76
886,2022/3/14 20:09,421.66,323.71
887,2022/3/14 20:10,421.5,323.5
888,2022/3/14 20:11,421.24,323.42
889,2022/3/14 20:12,421.27,323.42
890,2022/3/14 20:13,421.24,323.4
891,2022/3/14 20:15,421.71,323.86
892,2022/3/14 20:17,421.27,323.3
893,2022/3/14 20:19,421.04,323.04
894,2022/3/14 20:20,421.09,323.09
895,2022/3/14 20:21,420.95,323.1
896,2022/3/14 20:22,420.71,323
897,2022/3/14 20:23,421.03,323.02
898,2022/3/14 20:24,420.98,323.37
899,2022/3/14 20:25,420.89,323.25
900,2022/3/14 20:26,421,323.33
901,2022/3/14 20:29,420.95,323.38
902,2022/3/14 20:30,421.29,323.59
903,2022/3/14 20:32,421.15,323.5
904,2022/3/14 20:34,421.4,323.81
905,2022/3/14 20:36,421.12,323.61
906,2022/3/14 20:38,421.24,323.53
907,2022/3/14 20:39,421.17,323.72
908,2022/3/14 20:40,421.37,323.74
909,2022/3/14 20:41,421.47,323.88
910,2022/3/14 20:42,421.54,323.99
911,2022/3/14 20:43,421.42,323.91
912,2022/3/14 20:44,421.5,324
913,2022/3/14 20:45,421.55,324.11
914,2022/3/14 20:46,421.32,323.85
915,2022/3/14 20:47,421.31,323.78
916,2022/3/14 20:48,421.25,323.96
917,2022/3/14 20:49,421.21,323.8
918,2022/3/14 20:50,421,323.46
919,2022/3/14 20:51,420.97,323.53
920,2022/3/14 20:52,421.03,323.6
921,2022/3/14 20:53,420.95,323.67
922,2022/3/14 20:54,421.24,323.99
923,2022/3/14 20:55,421.44,324.15
924,2022/3/14 20:56,421.77,324.31
925,2022/3/14 20:57,422.16,324.69
926,2022/3/14 20:58,422.08,324.61
927,2022/3/14 20:59,422.04,324.68
928,2022/3/14 21:00,422.1,324.51
929,2022/3/14 21:01,422,324.24
930,2022/3/14 21:03,421.84,324.11
931,2022/3/14 21:04,421.88,324.05
932,2022/3/14 21:05,421.64,323.87
933,2022/3/14 21:06,421.43,323.67
934,2022/3/14 21:07,421.5,323.77
935,2022/3/14 21:08,421.55,323.9
936,2022/3/14 21:09,421.58,323.91
937,2022/3/14 21:10,421.45,323.84
938,2022/3/14 21:11,421.45,323.78
939,2022/3/14 21:12,421.83,324.1
940,2022/3/14 21:13,421.75,324.03
941,2022/3/14 21:14,421.81,324.13
942,2022/3/14 21:15,421.93,324.19
943,2022/3/14 21:16,421.99,324.31
944,2022/3/14 21:17,421.92,324.24
945,2022/3/14 21:18,421.71,323.97
946,2022/3/14 21:20,421.82,324.1
947,2022/3/14 21:21,421.52,323.81
948,2022/3/14 21:22,421.47,323.76
949,2022/3/14 21:23,421.53,323.8
950,2022/3/14 21:24,421.4,323.62
951,2022/3/14 21:25,421.23,323.5
952,2022/3/14 21:26,421.34,323.48
953,2022/3/14 21:27,421.12,323.33
954,2022/3/14 21:28,421.1,323.15
955,2022/3/14 21:29,420.9,323.12
956,2022/3/14 21:30,421.5,323.48
957,2022/3/14 21:31,421.77,324.04
958,2022/3/14 21:32,421.03,323.18
959,2022/3/14 21:33,420.5,322.57
960,2022/3/14 21:34,420.33,322.72
961,2022/3/14 21:35,419.96,322.44
962,2022/3/14 21:36,420.29,323.43
963,2022/3/14 21:37,420.53,323.65
964,2022/3/14 21:38,419.42,322.23
965,2022/3/14 21:39,419.79,322.71
966,2022/3/14 21:40,420.09,323.12
967,2022/3/14 21:41,420.05,323.5
968,2022/3/14 21:42,420.11,323.75
969,2022/3/14 21:43,420.7,324.44
970,2022/3/14 21:44,421.41,324.76
971,2022/3/14 21:45,421.41,324.8
972,2022/3/14 21:46,421.32,324.9
973,2022/3/14 21:47,421.05,324.34
974,2022/3/14 21:48,421.3,324.84
975,2022/3/14 21:49,421.16,324.77
976,2022/3/14 21:50,421.52,324.94
977,2022/3/14 21:51,421.42,324.48
978,2022/3/14 21:52,421.3,324.42
979,2022/3/14 21:53,421.13,324.15
980,2022/3/14 21:54,421.21,324.3
981,2022/3/14 21:55,421.45,324.48
982,2022/3/14 21:56,420.86,323.45
983,2022/3/14 21:57,420.86,323.3
984,2022/3/14 21:58,421.1,323.54
985,2022/3/14 21:59,421.36,323.75
986,2022/3/14 22:00,420.88,323.27
987,2022/3/14 22:01,421.42,324.01
988,2022/3/14 22:02,421.94,324.56
989,2022/3/14 22:03,421.59,324.2
990,2022/3/14 22:04,421.08,323.55
991,2022/3/14 22:05,421.18,323.99
992,2022/3/14 22:06,421.25,324.17
993,2022/3/14 22:07,421.89,324.92
994,2022/3/14 22:08,422.21,325.22
995,2022/3/14 22:09,422.35,325.23
996,2022/3/14 22:10,422.32,325.22
997,2022/3/14 22:11,422.76,325.77
998,2022/3/14 22:12,422.96,325.95
999,2022/3/14 22:13,423.16,326.19
1000,2022/3/14 22:14,422.93,326.11
1001,2022/3/14 22:15,423.02,326.12
1002,2022/3/14 22:16,422.95,326.01
1003,2022/3/14 22:17,422.78,325.78
1004,2022/3/14 22:18,422.67,325.8
1005,2022/3/14 22:19,422.63,325.57
1006,2022/3/14 22:20,422.54,325.48
1007,2022/3/14 22:21,422.59,325.59
1008,2022/3/14 22:22,422.88,325.77
1009,2022/3/14 22:23,422.86,325.88
1010,2022/3/14 22:24,423.1,326.14
1011,2022/3/14 22:25,423.41,326.36
1012,2022/3/14 22:26,423.15,325.79
1013,2022/3/14 22:27,422.88,325.5
1014,2022/3/14 22:28,422.79,325.37
1015,2022/3/14 22:29,422.75,325.3
1016,2022/3/14 22:30,422.49,324.83
1017,2022/3/14 22:31,422.55,324.76
1018,2022/3/14 22:32,422.25,324.27
1019,2022/3/14 22:33,422.16,324.21
1020,2022/3/14 22:34,422.46,324.63
1021,2022/3/14 22:35,422.59,324.66
1022,2022/3/14 22:36,422.64,324.72
1023,2022/3/14 22:37,422.98,325.04
1024,2022/3/14 22:38,422.73,324.77
1025,2022/3/14 22:39,422.92,324.97
1026,2022/3/14 22:40,422.81,324.9
1027,2022/3/14 22:41,422.81,324.86
1028,2022/3/14 22:42,422.88,324.84
1029,2022/3/14 22:43,423.23,325.18
1030,2022/3/14 22:44,422.82,324.52
1031,2022/3/14 22:45,422.74,324.49
1032,2022/3/14 22:46,422.94,324.57
1033,2022/3/14 22:47,423.29,324.96
1034,2022/3/14 22:48,423.08,324.76
1035,2022/3/14 22:49,423.07,324.74
1036,2022/3/14 22:50,423,324.69
1037,2022/3/14 22:51,423.53,325.36
1038,2022/3/14 22:52,423.94,325.94
1039,2022/3/14 22:53,423.97,325.91
1040,2022/3/14 22:54,423.96,325.92
1041,2022/3/14 22:55,424.1,326.1
1042,2022/3/14 22:56,423.84,325.81
1043,2022/3/14 22:57,423.76,325.58
1044,2022/3/14 22:58,423.85,325.64
1045,2022/3/14 22:59,424.32,326.02
1046,2022/3/14 23:00,424,325.63
1047,2022/3/14 23:01,424.09,325.71
1048,2022/3/14 23:02,423.95,325.59
1049,2022/3/14 23:03,423.8,325.51
1050,2022/3/14 23:04,423.99,325.77
1051,2022/3/14 23:05,423.99,325.78
1052,2022/3/14 23:06,423.84,325.47
1053,2022/3/14 23:07,423.98,325.69
1054,2022/3/14 23:08,423.7,325.46
1055,2022/3/14 23:09,423.61,325.26
1056,2022/3/14 23:10,423.47,324.98
1057,2022/3/14 23:11,423.48,324.9
1058,2022/3/14 23:12,423.29,324.47
1059,2022/3/14 23:13,423.1,324.28
1060,2022/3/14 23:14,423.11,324.26
1061,2022/3/14 23:15,423.33,324.4
1062,2022/3/14 23:16,423.3,324.39
1063,2022/3/14 23:17,423.38,324.62
1064,2022/3/14 23:18,423.25,324.38
1065,2022/3/14 23:19,423.2,324.46
1066,2022/3/14 23:20,422.79,323.91
1067,2022/3/14 23:21,422.59,323.58
1068,2022/3/14 23:22,422.52,323.5
1069,2022/3/14 23:23,422.69,323.73
1070,2022/3/14 23:24,422.54,323.56
1071,2022/3/14 23:25,422.53,323.57
1072,2022/3/14 23:26,422.44,323.45
1073,2022/3/14 23:27,422.34,323.32
1074,2022/3/14 23:28,422.19,323.25
1075,2022/3/14 23:29,422.26,323.32
1076,2022/3/14 23:30,422.15,323.13
1077,2022/3/14 23:31,422.2,323.18
1078,2022/3/14 23:32,422.36,323.38
1079,2022/3/14 23:33,422.21,323.25
1080,2022/3/14 23:34,422.31,323.41
1081,2022/3/14 23:35,422.15,323.22
1082,2022/3/14 23:36,421.9,322.95
1083,2022/3/14 23:37,421.52,322.55
1084,2022/3/14 23:38,421.53,322.46
1085,2022/3/14 23:39,421.65,322.64
1086,2022/3/14 23:40,421.53,322.5
1087,2022/3/14 23:41,421.46,322.4
1088,2022/3/14 23:42,421.22,322.22
1089,2022/3/14 23:43,420.7,321.76
1090,2022/3/14 23:44,420.78,321.91
1091,2022/3/14 23:45,420.67,321.76
1092,2022/3/14 23:46,420.69,321.86
1093,2022/3/14 23:47,420.52,321.68
1094,2022/3/14 23:48,420.17,321.42
1095,2022/3/14 23:49,420.11,321.37
1096,2022/3/14 23:50,420.3,321.62
1097,2022/3/14 23:51,420.43,321.67
1098,2022/3/14 23:52,420.38,321.67
1099,2022/3/14 23:53,420.63,321.87
1100,2022/3/14 23:54,420.58,321.77
1101,2022/3/14 23:55,420.25,321.42
1102,2022/3/14 23:56,420.35,321.57
1103,2022/3/14 23:57,420.23,321.42
1104,2022/3/14 23:58,420.28,321.52
1105,2022/3/14 23:59,420.46,321.68
1106,2022/3/15 0:00,420.23,321.54
1107,2022/3/15 0:01,420.12,321.44
1108,2022/3/15 0:02,419.9,321.23
1109,2022/3/15 0:03,419.88,321.08
1110,2022/3/15 0:04,419.63,320.89
1111,2022/3/15 0:05,419.64,320.71
1112,2022/3/15 0:06,419.68,320.84
1113,2022/3/15 0:07,419.67,320.87
1114,2022/3/15 0:08,419.49,320.8
1115,2022/3/15 0:09,419.26,320.37
1116,2022/3/15 0:10,419.24,320.35
1117,2022/3/15 0:11,419.49,320.69
1118,2022/3/15 0:12,419.18,320.43
1119,2022/3/15 0:13,419.14,320.52
1120,2022/3/15 0:14,419.04,320.58
1121,2022/3/15 0:15,419.11,320.55
1122,2022/3/15 0:16,419.11,320.63
1123,2022/3/15 0:17,419.38,320.8
1124,2022/3/15 0:18,419.29,320.72
1125,2022/3/15 0:19,419.72,321.16
1126,2022/3/15 0:20,419.45,320.87
1127,2022/3/15 0:21,419.38,320.89
1128,2022/3/15 0:22,419.68,321.23
1129,2022/3/15 0:23,419.59,321.1
1130,2022/3/15 0:24,419.77,321.14
1131,2022/3/15 0:25,419.78,321.05
1132,2022/3/15 0:26,419.51,320.8
1133,2022/3/15 0:27,419.67,320.93
1134,2022/3/15 0:28,419.67,320.85
1135,2022/3/15 0:29,419.82,320.98
1136,2022/3/15 0:30,419.95,321.05
1137,2022/3/15 0:31,419.96,321.16
1138,2022/3/15 0:32,419.95,321.13
1139,2022/3/15 0:33,419.66,320.66
1140,2022/3/15 0:34,419.64,320.62
1141,2022/3/15 0:35,419.32,320.47
1142,2022/3/15 0:36,419.7,320.77
1143,2022/3/15 0:37,419.69,320.73
1144,2022/3/15 0:38,419.72,320.79
1145,2022/3/15 0:39,419.67,320.73
1146,2022/3/15 0:40,419.88,320.98
1147,2022/3/15 0:41,419.9,321
1148,2022/3/15 0:42,420.1,321.17
1149,2022/3/15 0:43,419.89,321
1150,2022/3/15 0:44,419.53,320.61
1151,2022/3/15 0:45,419.26,320.33
1152,2022/3/15 0:46,419.25,320.32
1153,2022/3/15 0:47,418.77,319.9
1154,2022/3/15 0:48,418.81,320
1155,2022/3/15 0:49,418.93,320.13
1156,2022/3/15 0:50,418.76,319.93
1157,2022/3/15 0:51,418.77,319.96
1158,2022/3/15 0:52,418.35,319.53
1159,2022/3/15 0:53,418.09,319.15
1160,2022/3/15 0:54,417.97,319.08
1161,2022/3/15 0:55,417.97,319.06
1162,2022/3/15 0:56,418.2,319.26
1163,2022/3/15 0:57,418.34,319.41
1164,2022/3/15 0:58,418.34,319.36
1165,2022/3/15 0:59,417.89,318.93
1166,2022/3/15 1:00,417.99,319.04
1167,2022/3/15 1:01,417.79,318.75
1168,2022/3/15 1:02,417.92,318.84
1169,2022/3/15 1:03,417.63,318.6
1170,2022/3/15 1:04,417.47,318.43
1171,2022/3/15 1:05,417.62,318.56
1172,2022/3/15 1:06,417.8,318.76
1173,2022/3/15 1:07,417.88,318.83
1174,2022/3/15 1:08,417.59,318.5
1175,2022/3/15 1:09,417.41,318.23
1176,2022/3/15 1:10,417.5,318.44
1177,2022/3/15 1:11,417.62,318.6
1178,2022/3/15 1:12,417.65,318.62
1179,2022/3/15 1:13,417.58,318.51
1180,2022/3/15 1:14,417.77,318.67
1181,2022/3/15 1:15,417.7,318.69
1182,2022/3/15 1:16,417.87,318.89
1183,2022/3/15 1:17,417.73,318.8
1184,2022/3/15 1:18,417.87,318.82
1185,2022/3/15 1:19,418.04,318.91
1186,2022/3/15 1:20,418,318.94
1187,2022/3/15 1:21,417.79,318.73
1188,2022/3/15 1:22,417.54,318.58
1189,2022/3/15 1:23,417.54,318.62
1190,2022/3/15 1:24,417.97,318.96
1191,2022/3/15 1:25,417.83,318.81
1192,2022/3/15 1:26,417.61,318.61
1193,2022/3/15 1:27,417.6,318.52
1194,2022/3/15 1:28,417.39,318.33
1195,2022/3/15 1:29,417.4,318.3
1196,2022/3/15 1:30,417.63,318.57
1197,2022/3/15 1:31,417.35,318.24
1198,2022/3/15 1:32,417.16,318.04
1199,2022/3/15 1:33,416.86,318.01
1200,2022/3/15 1:34,417.1,318.21
1201,2022/3/15 1:35,416.89,317.98
1202,2022/3/15 1:36,416.54,317.7
1203,2022/3/15 1:37,416.55,317.83
1204,2022/3/15 1:38,416.41,317.7
1205,2022/3/15 1:39,416.47,317.86
1206,2022/3/15 1:40,416.32,317.76
1207,2022/3/15 1:41,416.63,318.07
1208,2022/3/15 1:42,416.47,317.94
1209,2022/3/15 1:43,416.74,318.19
1210,2022/3/15 1:44,416.59,318.05
1211,2022/3/15 1:45,416.795,318.33
1212,2022/3/15 1:46,416.51,318.08
1213,2022/3/15 1:47,416.25,317.92
1214,2022/3/15 1:48,416.36,318.06
1215,2022/3/15 1:49,416.24,318.07
1216,2022/3/15 1:50,416.64,318.59
1217,2022/3/15 1:51,416.68,318.83
1218,2022/3/15 1:52,417.14,319.4
1219,2022/3/15 1:53,417.24,319.58
1220,2022/3/15 1:54,417.07,319.27
1221,2022/3/15 1:55,417.35,319.51
1222,2022/3/15 1:56,417.24,319.32
1223,2022/3/15 1:57,416.89,319.05
1224,2022/3/15 1:58,416.8,318.89
1225,2022/3/15 1:59,416.71,318.74
1226,2022/3/15 2:00,416.68,318.65
1227,2022/3/15 2:01,416.71,318.83
1228,2022/3/15 2:02,416.61,318.61
1229,2022/3/15 2:03,416.49,318.59
1230,2022/3/15 2:04,416.61,318.67
1231,2022/3/15 2:05,416.99,318.95
1232,2022/3/15 2:06,416.89,318.82
1233,2022/3/15 2:07,416.97,318.97
1234,2022/3/15 2:08,417.12,319.12
1235,2022/3/15 2:09,416.96,319.02
1236,2022/3/15 2:10,416.91,319.04
1237,2022/3/15 2:11,416.91,318.94
1238,2022/3/15 2:12,416.94,318.94
1239,2022/3/15 2:13,416.81,318.77
1240,2022/3/15 2:14,416.93,318.83
1241,2022/3/15 2:15,416.63,318.52
1242,2022/3/15 2:16,416.51,318.32
1243,2022/3/15 2:17,416.48,318.35
1244,2022/3/15 2:18,416.36,318.22
1245,2022/3/15 2:19,416.37,318.24
1246,2022/3/15 2:20,416.37,318.24
1247,2022/3/15 2:21,416.26,318.17
1248,2022/3/15 2:22,416.54,318.4
1249,2022/3/15 2:23,416.02,317.99
1250,2022/3/15 2:24,416.05,318.01
1251,2022/3/15 2:25,415.95,317.89
1252,2022/3/15 2:26,416.3,318.34
1253,2022/3/15 2:27,416.13,318.15
1254,2022/3/15 2:28,416.05,318.07
1255,2022/3/15 2:29,415.89,317.93
1256,2022/3/15 2:30,416.17,318.23
1257,2022/3/15 2:31,416.29,318.39
1258,2022/3/15 2:32,416.2,318.35
1259,2022/3/15 2:33,416.2,318.31
1260,2022/3/15 2:34,416.53,318.62
1261,2022/3/15 2:35,416.57,318.7
1262,2022/3/15 2:36,416.83,318.91
1263,2022/3/15 2:37,417.01,319.14
1264,2022/3/15 2:38,416.87,319.17
1265,2022/3/15 2:39,416.75,318.96
1266,2022/3/15 2:40,416.56,318.75
1267,2022/3/15 2:41,416.42,318.64
1268,2022/3/15 2:42,416.66,318.87
1269,2022/3/15 2:43,416.39,318.62
1270,2022/3/15 2:44,416.48,318.55
1271,2022/3/15 2:45,416.23,318.31
1272,2022/3/15 2:46,416.23,318.26
1273,2022/3/15 2:47,416.36,318.46
1274,2022/3/15 2:48,416.22,318.35
1275,2022/3/15 2:49,416.2,318.31
1276,2022/3/15 2:50,416.27,318.46
1277,2022/3/15 2:51,416.32,318.51
1278,2022/3/15 2:52,416.35,318.5
1279,2022/3/15 2:53,416.65,318.71
1280,2022/3/15 2:54,416.97,319.03
1281,2022/3/15 2:55,417.16,319.22
1282,2022/3/15 2:56,417.01,319.09
1283,2022/3/15 2:57,416.86,318.86
1284,2022/3/15 2:58,416.93,318.81
1285,2022/3/15 2:59,417.12,319.01
1286,2022/3/15 3:00,416.88,318.84
1287,2022/3/15 3:01,417.4,319.4
1288,2022/3/15 3:02,417.83,319.87
1289,2022/3/15 3:03,417.57,319.51
1290,2022/3/15 3:04,417.62,319.58
1291,2022/3/15 3:05,417.36,319.33
1292,2022/3/15 3:06,417.38,319.37
1293,2022/3/15 3:07,416.96,318.91
1294,2022/3/15 3:08,416.74,318.67
1295,2022/3/15 3:09,416.81,318.68
1296,2022/3/15 3:10,417.165,318.98
1297,2022/3/15 3:11,417.43,319.21
1298,2022/3/15 3:12,417.44,319.1
1299,2022/3/15 3:13,417.53,319.18
1300,2022/3/15 3:14,417.59,319.37
1301,2022/3/15 3:15,417.34,319.14
1302,2022/3/15 3:16,417.83,319.59
1303,2022/3/15 3:17,417.78,319.62
1304,2022/3/15 3:18,417.47,319.25
1305,2022/3/15 3:19,417.37,319.06
1306,2022/3/15 3:20,417.53,319.15
1307,2022/3/15 3:21,417.35,319.04
1308,2022/3/15 3:22,417.43,319.13
1309,2022/3/15 3:23,417.57,319.37
1310,2022/3/15 3:24,417.83,319.47
1311,2022/3/15 3:25,417.69,319.38
1312,2022/3/15 3:26,417.43,319.14
1313,2022/3/15 3:27,417.32,319.06
1314,2022/3/15 3:28,417.46,319.17
1315,2022/3/15 3:29,417.17,318.86
1316,2022/3/15 3:30,416.85,318.53
1317,2022/3/15 3:31,416.5,318.16
1318,2022/3/15 3:32,416.32,318.04
1319,2022/3/15 3:33,416.23,317.9
1320,2022/3/15 3:34,416.33,317.97
1321,2022/3/15 3:35,416.17,317.82
1322,2022/3/15 3:36,416.09,317.64
1323,2022/3/15 3:37,416.2,317.74
1324,2022/3/15 3:38,416.19,317.72
1325,2022/3/15 3:39,416.65,318.19
1326,2022/3/15 3:40,416.84,318.35
1327,2022/3/15 3:41,416.71,318.29
1328,2022/3/15 3:42,416.74,318.34
1329,2022/3/15 3:43,416.55,318.11
1330,2022/3/15 3:44,417.12,318.68
1331,2022/3/15 3:45,416.8,318.44
1332,2022/3/15 3:46,416.75,318.28
1333,2022/3/15 3:47,417.27,318.79
1334,2022/3/15 3:48,417.05,318.75
1335,2022/3/15 3:49,416.96,318.58
1336,2022/3/15 3:50,416.4,317.95
1337,2022/3/15 3:51,416.53,317.92
1338,2022/3/15 3:52,416.63,317.98
1339,2022/3/15 3:53,416.435,317.8
1340,2022/3/15 3:54,416.53,317.9
1341,2022/3/15 3:55,416.91,318.24
1342,2022/3/15 3:56,417.21,318.49
1343,2022/3/15 3:57,417.11,318.37
1344,2022/3/15 3:58,417.03,318.34
1345,2022/3/15 3:59,417.05,318.23
1346,2022/3/15 4:00,417.68,318.81
1347,2022/3/15 4:01,417.39,318.7
1348,2022/3/15 4:02,417.44,318.79
1349,2022/3/15 4:03,417.49,318.85
1350,2022/3/15 4:04,417.45,318.77
1351,2022/3/15 4:05,417.66,318.88
1352,2022/3/15 4:06,417.61,318.94
1353,2022/3/15 4:07,417.69,318.95
1354,2022/3/15 4:08,417.96,319.14
1355,2022/3/15 4:09,418,319.14
1356,2022/3/15 4:10,418.1,319.18
1357,2022/3/15 4:11,417.9,319.11
1358,2022/3/15 4:12,417.8,319.08
1359,2022/3/15 4:13,417.91,319.09
1360,2022/3/15 4:14,417.82,319.06
1361,2022/3/15 4:15,417.78,318.96
1362,2022/3/15 4:17,417.83,318.97
1363,2022/3/15 4:18,417.74,318.88
1364,2022/3/15 4:20,417.79,318.92
1365,2022/3/15 4:22,417.79,318.93
1366,2022/3/15 4:23,417.795,318.96
1367,2022/3/15 4:24,417.74,318.96
1368,2022/3/15 4:25,417.65,318.88
1369,2022/3/15 4:26,417.59,318.85
1370,2022/3/15 4:27,417.65,318.88
1371,2022/3/15 4:29,417.6,318.97
1372,2022/3/15 4:31,417.64,318.86
1373,2022/3/15 4:33,417.75,318.92
1374,2022/3/15 4:34,417.66,318.8
1375,2022/3/15 4:36,417.59,318.84
1376,2022/3/15 4:37,417.66,318.84
1377,2022/3/15 4:38,417.65,318.82
1378,2022/3/15 4:39,417.64,318.84
1379,2022/3/15 4:40,417.62,318.84
1380,2022/3/15 4:41,417.74,318.84
1381,2022/3/15 4:43,417.53,318.8
1382,2022/3/15 4:44,417.57,318.88
1383,2022/3/15 4:45,417.54,318.82
1384,2022/3/15 4:46,417.55,318.78
1385,2022/3/15 4:47,417.53,318.87
1386,2022/3/15 4:48,417.6,318.85
1387,2022/3/15 4:49,417.5,318.79
1388,2022/3/15 4:52,417.5,318.82
1389,2022/3/15 4:55,417.54,318.84
1390,2022/3/15 4:56,417.59,318.9
1391,2022/3/15 4:57,417.67,318.95
1392,2022/3/15 4:59,417.67,319
1393,2022/3/15 5:01,417.71,319.04
1394,2022/3/15 5:14,417.71,318.95
1395,2022/3/15 5:20,417.52,318.96
1396,2022/3/15 5:21,417.44,318.94
1397,2022/3/15 5:24,417.51,318.95
1398,2022/3/15 5:27,417.36,318.86
1399,2022/3/15 5:29,417.35,318.81
1400,2022/3/15 5:34,417.43,318.8
1401,2022/3/15 5:44,417.58,318.97
1402,2022/3/15 5:48,417.57,318.97
1403,2022/3/15 5:50,417.58,318.98
1404,2022/3/15 5:57,417.6,319
1405,2022/3/15 6:00,417.78,319.05
1406,2022/3/15 6:03,417.77,319.12
1407,2022/3/15 6:13,417.62,319.14
1408,2022/3/15 6:17,417.58,319.15
1409,2022/3/15 6:32,418,319.24
1410,2022/3/15 6:36,418.3,319.66
1411,2022/3/15 6:37,418.39,319.68
1412,2022/3/15 6:47,418.42,319.57
1413,2022/3/15 6:53,418.28,319.64
1414,2022/3/15 6:54,418.35,319.62
1415,2022/3/15 19:00,417.52,319.18
1416,2022/3/15 19:01,417.6,319.05
1417,2022/3/15 19:05,417.65,319.44
1418,2022/3/15 19:06,417.97,319.55
1419,2022/3/15 19:07,417.77,319.32
1420,2022/3/15 19:09,418.16,319.76
1421,2022/3/15 19:10,418.15,319.71
1422,2022/3/15 19:12,418.15,319.78
1423,2022/3/15 19:14,418.25,319.88
1424,2022/3/15 19:15,418.37,319.95
1425,2022/3/15 19:16,418.33,319.82
1426,2022/3/15 19:17,418.14,319.83
1427,2022/3/15 19:18,418.04,319.62
1428,2022/3/15 19:19,418.04,319.58
1429,2022/3/15 19:20,417.93,319.49
1430,2022/3/15 19:22,417.5,319.22
1431,2022/3/15 19:23,417.32,319.21
1432,2022/3/15 19:24,417.34,319.13
1433,2022/3/15 19:25,417.56,319.31
1434,2022/3/15 19:26,417.59,319.28
1435,2022/3/15 19:27,417.79,319.36
1436,2022/3/15 19:29,417.35,319.25
1437,2022/3/15 19:30,417.48,319.25
1438,2022/3/15 19:31,417.51,319.36
1439,2022/3/15 19:32,417.43,319.33
1440,2022/3/15 19:34,417.75,319.5
1441,2022/3/15 19:35,417.91,319.72
1442,2022/3/15 19:37,417.63,319.48
1443,2022/3/15 19:38,417.7,319.6
1444,2022/3/15 19:40,417.46,319.28
1445,2022/3/15 19:41,417.44,319.22
1446,2022/3/15 19:42,417.46,319.29
1447,2022/3/15 19:43,417.38,319.17
1448,2022/3/15 19:46,417.13,318.79
1449,2022/3/15 19:47,417.06,318.71
1450,2022/3/15 19:49,417,318.55
1451,2022/3/15 19:54,417.12,318.74
1452,2022/3/15 19:56,417.16,318.83
1453,2022/3/15 19:57,417.1,318.98
1454,2022/3/15 19:59,417.43,319.04
1455,2022/3/15 20:00,417.1,318.99
1456,2022/3/15 20:04,417.45,319.24
1457,2022/3/15 20:05,417.61,319.34
1458,2022/3/15 20:06,417.45,319.21
1459,2022/3/15 20:07,417.54,319.32
1460,2022/3/15 20:08,417.37,319.15
1461,2022/3/15 20:09,417.23,319.02
1462,2022/3/15 20:11,417.41,319.38
1463,2022/3/15 20:14,417.78,319.51
1464,2022/3/15 20:15,417.86,319.65
1465,2022/3/15 20:16,417.72,319.65
1466,2022/3/15 20:17,417.7,319.43
1467,2022/3/15 20:18,417.82,319.64
1468,2022/3/15 20:19,417.85,319.68
1469,2022/3/15 20:20,418.02,319.86
1470,2022/3/15 20:21,418.26,319.98
1471,2022/3/15 20:22,418.33,320.09
1472,2022/3/15 20:23,418.25,319.89
1473,2022/3/15 20:24,418.37,319.92
1474,2022/3/15 20:25,418.16,319.75
1475,2022/3/15 20:26,417.98,319.65
1476,2022/3/15 20:27,418,319.67
1477,2022/3/15 20:28,417.98,319.6
1478,2022/3/15 20:29,418.03,319.58
1479,2022/3/15 20:30,419.1,320.66
1480,2022/3/15 20:31,418.82,320.54
1481,2022/3/15 20:32,419.35,321.01
1482,2022/3/15 20:33,419.76,321.25
1483,2022/3/15 20:34,419.46,321.08
1484,2022/3/15 20:35,419.37,321.1
1485,2022/3/15 20:36,419.31,320.9
1486,2022/3/15 20:37,419.35,320.93
1487,2022/3/15 20:39,419.44,321.09
1488,2022/3/15 20:40,419.42,321.04
1489,2022/3/15 20:41,419.33,320.93
1490,2022/3/15 20:42,419.08,320.75
1491,2022/3/15 20:43,419.34,320.93
1492,2022/3/15 20:44,419.07,320.7
1493,2022/3/15 20:45,419.02,320.68
1494,2022/3/15 20:46,419.33,320.98
1495,2022/3/15 20:47,419.22,320.82
1496,2022/3/15 20:48,419.23,320.87
1497,2022/3/15 20:49,419.35,320.89
1498,2022/3/15 20:50,419.05,320.63
1499,2022/3/15 20:51,419.17,320.56
1500,2022/3/15 20:52,419.12,320.58
1501,2022/3/15 20:53,419.24,320.68
1502,2022/3/15 20:54,419.11,320.48
1503,2022/3/15 20:55,419.2,320.68
1504,2022/3/15 20:56,419.22,320.64
1505,2022/3/15 20:57,419.27,320.74
1506,2022/3/15 20:58,419.25,320.69
1507,2022/3/15 20:59,419.25,320.64
1508,2022/3/15 21:00,419.37,320.81
1509,2022/3/15 21:01,419.33,320.69
1510,2022/3/15 21:02,419.3,320.59
1511,2022/3/15 21:03,419.27,320.5
1512,2022/3/15 21:04,419.41,320.74
1513,2022/3/15 21:05,419.37,320.75
1514,2022/3/15 21:06,419.37,320.71
1515,2022/3/15 21:07,419.41,320.8
1516,2022/3/15 21:08,419.64,320.96
1517,2022/3/15 21:10,419.81,321.12
1518,2022/3/15 21:11,420.08,321.39
1519,2022/3/15 21:12,419.9,321.26
1520,2022/3/15 21:13,419.9,321.28
1521,2022/3/15 21:14,419.68,321.11
1522,2022/3/15 21:15,419.67,321.14
1523,2022/3/15 21:16,419.75,321.16
1524,2022/3/15 21:17,419.68,320.99
1525,2022/3/15 21:18,419.57,320.93
1526,2022/3/15 21:19,419.62,320.94
1527,2022/3/15 21:20,419.62,320.88
1528,2022/3/15 21:21,419.47,320.78
1529,2022/3/15 21:22,419.49,320.72
1530,2022/3/15 21:23,419.43,320.64
1531,2022/3/15 21:24,419.28,320.5
1532,2022/3/15 21:25,419.18,320.25
1533,2022/3/15 21:26,419.09,320.39
1534,2022/3/15 21:27,419.28,320.67
1535,2022/3/15 21:28,419.52,320.78
1536,2022/3/15 21:29,419.78,321.1
1537,2022/3/15 21:30,420.3,321.73
1538,2022/3/15 21:31,420.57,321.5
1539,2022/3/15 21:32,421.19,322.01
1540,2022/3/15 21:33,420.91,321.77
1541,2022/3/15 21:34,420.69,321.41
1542,2022/3/15 21:35,420.77,321.5
1543,2022/3/15 21:36,420.65,321.1
1544,2022/3/15 21:37,420.21,320.52
1545,2022/3/15 21:38,420.06,320.38
1546,2022/3/15 21:39,420.13,320.56
1547,2022/3/15 21:40,420.22,320.57
1548,2022/3/15 21:41,419.57,320.02
1549,2022/3/15 21:42,418.92,319.48
1550,2022/3/15 21:43,418.56,319.59
1551,2022/3/15 21:44,418.58,319.73
1552,2022/3/15 21:45,418.65,319.79
1553,2022/3/15 21:46,418.57,319.37
1554,2022/3/15 21:47,418.97,319.63
1555,2022/3/15 21:48,418.85,319.47
1556,2022/3/15 21:49,419.12,319.88
1557,2022/3/15 21:50,419.1,319.8
1558,2022/3/15 21:51,419.43,320.26
1559,2022/3/15 21:52,419.37,320.37
1560,2022/3/15 21:53,419.55,320.44
1561,2022/3/15 21:54,419.25,320.46
1562,2022/3/15 21:55,419.73,320.93
1563,2022/3/15 21:56,420.09,321.33
1564,2022/3/15 21:57,420.25,321.47
1565,2022/3/15 21:58,420.48,321.72
1566,2022/3/15 21:59,420.38,321.49
1567,2022/3/15 22:00,420.71,321.93
1568,2022/3/15 22:01,420.39,321.44
1569,2022/3/15 22:02,419.86,321.27
1570,2022/3/15 22:03,420.46,321.81
1571,2022/3/15 22:04,420.81,322.42
1572,2022/3/15 22:05,420.81,322.43
1573,2022/3/15 22:06,420.34,322.25
1574,2022/3/15 22:07,420.04,321.99
1575,2022/3/15 22:08,420.19,321.95
1576,2022/3/15 22:09,420.02,321.87
1577,2022/3/15 22:10,419.64,321.61
1578,2022/3/15 22:11,419.24,321.29
1579,2022/3/15 22:12,419.23,321.14
1580,2022/3/15 22:13,419.37,321.27
1581,2022/3/15 22:14,419.47,321.3
1582,2022/3/15 22:15,419.415,321.13
1583,2022/3/15 22:16,419.84,321.51
1584,2022/3/15 22:17,419.68,321.35
1585,2022/3/15 22:18,420.07,321.87
1586,2022/3/15 22:19,420.34,322.05
1587,2022/3/15 22:20,420.39,322.24
1588,2022/3/15 22:21,420.47,322.45
1589,2022/3/15 22:22,420.46,322.39
1590,2022/3/15 22:23,420.66,322.43
1591,2022/3/15 22:24,420.99,322.85
1592,2022/3/15 22:25,420.93,322.69
1593,2022/3/15 22:26,420.8,322.63
1594,2022/3/15 22:27,421.21,323.06
1595,2022/3/15 22:28,421.44,323.15
1596,2022/3/15 22:29,421.66,323.45
1597,2022/3/15 22:30,421.94,323.72
1598,2022/3/15 22:31,422.43,324.24
1599,2022/3/15 22:32,422.4,324.08
1600,2022/3/15 22:33,422.25,323.98
1601,2022/3/15 22:34,421.96,323.77
1602,2022/3/15 22:35,422.25,324.05
1603,2022/3/15 22:36,422.33,324.17
1604,2022/3/15 22:37,422.4,324.37
1605,2022/3/15 22:38,422.21,324.27
1606,2022/3/15 22:39,422.25,324.24
1607,2022/3/15 22:40,422.42,324.32
1608,2022/3/15 22:41,422.03,323.96
1609,2022/3/15 22:42,421.99,323.99
1610,2022/3/15 22:43,422.22,324.26
1611,2022/3/15 22:44,422.32,324.47
1612,2022/3/15 22:45,422.65,324.66
1613,2022/3/15 22:46,422.575,324.585
1614,2022/3/15 22:47,422.27,324.3
1615,2022/3/15 22:48,422.39,324.57
1616,2022/3/15 22:49,422.5,324.77
1617,2022/3/15 22:50,422.35,324.55
1618,2022/3/15 22:51,422.11,324.28
1619,2022/3/15 22:52,421.89,324.15
1620,2022/3/15 22:53,421.98,324.23
1621,2022/3/15 22:54,422.05,324.46
1622,2022/3/15 22:55,422.01,324.29
1623,2022/3/15 22:56,422.04,324.29
1624,2022/3/15 22:57,421.97,324.11
1625,2022/3/15 22:58,421.57,323.89
1626,2022/3/15 22:59,421.76,324.06
1627,2022/3/15 23:00,421.79,324.1
1628,2022/3/15 23:01,422.04,324.23
1629,2022/3/15 23:02,422.08,324.23
1630,2022/3/15 23:03,422.14,324.39
1631,2022/3/15 23:04,422.3,324.78
1632,2022/3/15 23:05,422.19,324.69
1633,2022/3/15 23:06,422.3,324.75
1634,2022/3/15 23:07,422.33,324.82
1635,2022/3/15 23:08,422.32,324.84
1636,2022/3/15 23:09,422.33,324.86
1637,2022/3/15 23:10,422.32,324.87
1638,2022/3/15 23:11,422.07,324.62
1639,2022/3/15 23:12,422.12,324.7
1640,2022/3/15 23:13,422.27,324.87
1641,2022/3/15 23:14,422.26,324.93
1642,2022/3/15 23:15,422.24,324.87
1643,2022/3/15 23:16,421.97,324.58
1644,2022/3/15 23:17,422.13,324.73
1645,2022/3/15 23:18,422.43,325.08
1646,2022/3/15 23:19,422.4,324.88
1647,2022/3/15 23:20,422.38,324.77
1648,2022/3/15 23:21,421.9,324.41
1649,2022/3/15 23:22,422,324.52
1650,2022/3/15 23:23,422.1,324.58
1651,2022/3/15 23:24,422.17,324.62
1652,2022/3/15 23:25,422.72,325.2
1653,2022/3/15 23:26,422.74,325.34
1654,2022/3/15 23:27,422.7,325.26
1655,2022/3/15 23:28,422.97,325.53
1656,2022/3/15 23:29,423.17,325.74
1657,2022/3/15 23:30,423.04,325.66
1658,2022/3/15 23:31,423.33,326.12
1659,2022/3/15 23:32,423.25,326.12
1660,2022/3/15 23:33,423.48,326.45
1661,2022/3/15 23:34,423.54,326.49
1662,2022/3/15 23:35,423.73,326.85
1663,2022/3/15 23:36,423.73,326.79
1664,2022/3/15 23:37,423.8,326.72
1665,2022/3/15 23:38,423.76,326.66
1666,2022/3/15 23:39,423.66,326.55
1667,2022/3/15 23:40,423.4,326.25
1668,2022/3/15 23:41,423.48,326.29
1669,2022/3/15 23:42,423.63,326.39
1670,2022/3/15 23:43,423.58,326.29
1671,2022/3/15 23:44,423.61,326.2
1672,2022/3/15 23:45,423.61,326.09
1673,2022/3/15 23:46,423.89,326.21
1674,2022/3/15 23:47,423.77,326.13
1675,2022/3/15 23:48,423.86,326.2
1676,2022/3/15 23:49,424.04,326.41
1677,2022/3/15 23:50,424.14,326.52
1678,2022/3/15 23:51,424.15,326.36
1679,2022/3/15 23:52,424.09,326.34
1680,2022/3/15 23:53,424.15,326.34
1681,2022/3/15 23:54,423.19,325.58
1682,2022/3/15 23:55,422.44,324.74
1683,2022/3/15 23:56,422.5,324.95
1684,2022/3/15 23:57,422.1,324.56
1685,2022/3/15 23:58,422.28,324.68
1686,2022/3/15 23:59,422.55,324.89
1687,2022/3/16 0:00,422.26,324.67
1688,2022/3/16 0:01,422.17,324.49
1689,2022/3/16 0:02,421.88,324.11
1690,2022/3/16 0:03,421.92,324.42
1691,2022/3/16 0:04,422.03,324.57
1692,2022/3/16 0:05,422.02,324.72
1693,2022/3/16 0:06,422.61,325.29
1694,2022/3/16 0:07,422.7,325.35
1695,2022/3/16 0:08,422.98,325.66
1696,2022/3/16 0:09,423.11,325.77
1697,2022/3/16 0:10,423.01,325.64
1698,2022/3/16 0:11,422.85,325.44
1699,2022/3/16 0:12,422.99,325.59
1700,2022/3/16 0:13,423.28,325.92
1701,2022/3/16 0:14,423.13,325.74
1702,2022/3/16 0:15,423.22,325.81
1703,2022/3/16 0:16,423.11,325.63
1704,2022/3/16 0:17,423.2,325.66
1705,2022/3/16 0:18,423.23,325.65
1706,2022/3/16 0:19,423.41,325.77
1707,2022/3/16 0:20,423.29,325.64
1708,2022/3/16 0:21,423.25,325.52
1709,2022/3/16 0:22,423.23,325.39
1710,2022/3/16 0:23,423.63,325.85
1711,2022/3/16 0:24,423.9,326.14
1712,2022/3/16 0:25,423.91,326.22
1713,2022/3/16 0:26,423.93,326.41
1714,2022/3/16 0:27,423.87,326.11
1715,2022/3/16 0:28,423.98,326.22
1716,2022/3/16 0:29,424.07,326.22
1717,2022/3/16 0:30,424.02,326.07
1718,2022/3/16 0:31,423.97,325.96
1719,2022/3/16 0:32,423.99,325.92
1720,2022/3/16 0:33,423.95,325.88
1721,2022/3/16 0:34,423.93,325.88
1722,2022/3/16 0:35,424.28,326.23
1723,2022/3/16 0:36,424.31,326.31
1724,2022/3/16 0:37,424.22,326.12
1725,2022/3/16 0:38,424.06,326.07
1726,2022/3/16 0:39,424.31,326.24
1727,2022/3/16 0:40,424.13,326.05
1728,2022/3/16 0:41,423.94,325.82
1729,2022/3/16 0:42,424.06,325.89
1730,2022/3/16 0:43,423.68,325.5
1731,2022/3/16 0:44,423.62,325.46
1732,2022/3/16 0:45,423.58,325.45
1733,2022/3/16 0:46,423.82,325.75
1734,2022/3/16 0:47,423.76,325.69
1735,2022/3/16 0:48,423.4,325.31
1736,2022/3/16 0:49,423.29,325.14
1737,2022/3/16 0:50,423.18,325.06
1738,2022/3/16 0:51,422.95,324.74
1739,2022/3/16 0:52,422.63,324.54
1740,2022/3/16 0:53,422.74,324.73
1741,2022/3/16 0:54,422.91,324.96
1742,2022/3/16 0:55,423.02,324.94
1743,2022/3/16 0:56,423.26,325.16
1744,2022/3/16 0:57,423.58,325.45
1745,2022/3/16 0:58,423.46,325.39
1746,2022/3/16 0:59,423.58,325.51
1747,2022/3/16 1:00,423.77,325.56
1748,2022/3/16 1:01,423.75,325.49
1749,2022/3/16 1:02,423.87,325.6
1750,2022/3/16 1:03,424,325.87
1751,2022/3/16 1:04,423.91,325.76
1752,2022/3/16 1:05,423.87,325.67
1753,2022/3/16 1:06,423.51,325.39
1754,2022/3/16 1:07,423.41,325.31
1755,2022/3/16 1:08,423.46,325.43
1756,2022/3/16 1:09,423.3,325.26
1757,2022/3/16 1:10,423.18,325.26
1758,2022/3/16 1:11,423.11,325.16
1759,2022/3/16 1:12,423.15,325.2
1760,2022/3/16 1:13,422.84,324.84
1761,2022/3/16 1:14,422.47,324.61
1762,2022/3/16 1:15,422.83,324.83
1763,2022/3/16 1:16,422.64,324.62
1764,2022/3/16 1:17,422.58,324.55
1765,2022/3/16 1:18,422.54,324.45
1766,2022/3/16 1:19,422.49,324.33
1767,2022/3/16 1:20,422.49,324.44
1768,2022/3/16 1:21,422.79,324.68
1769,2022/3/16 1:22,422.82,324.72
1770,2022/3/16 1:23,422.95,324.79
1771,2022/3/16 1:24,422.99,324.76
1772,2022/3/16 1:25,423.27,325.02
1773,2022/3/16 1:26,423.32,325.02
1774,2022/3/16 1:27,423.12,324.93
1775,2022/3/16 1:28,422.7,324.56
1776,2022/3/16 1:29,422.14,324.15
1777,2022/3/16 1:30,422.01,324.21
1778,2022/3/16 1:31,422.39,324.54
1779,2022/3/16 1:32,422.36,324.4
1780,2022/3/16 1:33,422.55,324.79
1781,2022/3/16 1:34,422.39,324.63
1782,2022/3/16 1:35,422.62,324.89
1783,2022/3/16 1:36,422.64,324.88
1784,2022/3/16 1:37,422.52,324.67
1785,2022/3/16 1:38,422.36,324.55
1786,2022/3/16 1:39,422.31,324.42
1787,2022/3/16 1:40,422.46,324.55
1788,2022/3/16 1:41,422.46,324.47
1789,2022/3/16 1:42,422.57,324.69
1790,2022/3/16 1:43,422.81,324.81
1791,2022/3/16 1:44,422.62,324.65
1792,2022/3/16 1:45,422.58,324.56
1793,2022/3/16 1:46,422.55,324.41
1794,2022/3/16 1:47,422.75,324.54
1795,2022/3/16 1:48,422.78,324.62
1796,2022/3/16 1:49,422.51,324.35
1797,2022/3/16 1:50,422.72,324.59
1798,2022/3/16 1:51,422.77,324.67
1799,2022/3/16 1:52,422.76,324.67
1800,2022/3/16 1:53,422.79,324.78
1801,2022/3/16 1:54,422.8,324.71
1802,2022/3/16 1:55,423.2,325.06
1803,2022/3/16 1:56,423.02,324.98
1804,2022/3/16 1:57,423.08,325.03
1805,2022/3/16 1:58,423.21,325.22
1806,2022/3/16 1:59,423.2,325.26
1807,2022/3/16 2:00,423.38,325.26
1808,2022/3/16 2:01,423.28,325.24
1809,2022/3/16 2:02,423.2,325.19
1810,2022/3/16 2:03,423.16,325.08
1811,2022/3/16 2:04,422.32,324.31
1812,2022/3/16 2:05,422.48,324.52
1813,2022/3/16 2:06,422.24,324.24
1814,2022/3/16 2:07,422.47,324.47
1815,2022/3/16 2:08,422.9,324.82
1816,2022/3/16 2:09,422.95,324.755
1817,2022/3/16 2:10,422.65,324.49
1818,2022/3/16 2:11,422.6,324.43
1819,2022/3/16 2:12,422.5,324.38
1820,2022/3/16 2:13,422.44,324.4
1821,2022/3/16 2:14,422.43,324.49
1822,2022/3/16 2:15,422.41,324.38
1823,2022/3/16 2:16,422.22,324.33
1824,2022/3/16 2:17,422.15,324.16
1825,2022/3/16 2:18,421.94,323.95
1826,2022/3/16 2:19,421.65,323.68
1827,2022/3/16 2:20,421.61,323.67
1828,2022/3/16 2:21,421.77,323.86
1829,2022/3/16 2:22,421.65,323.7
1830,2022/3/16 2:23,421.89,324.03
1831,2022/3/16 2:24,421.88,324.09
1832,2022/3/16 2:25,422.04,324.22
1833,2022/3/16 2:26,422.21,324.32
1834,2022/3/16 2:27,422.05,324.19
1835,2022/3/16 2:28,422.17,324.38
1836,2022/3/16 2:29,422.08,324.29
1837,2022/3/16 2:30,421.76,323.98
1838,2022/3/16 2:31,421.78,323.93
1839,2022/3/16 2:32,422.07,324.14
1840,2022/3/16 2:33,422.35,324.39
1841,2022/3/16 2:34,422.69,324.71
1842,2022/3/16 2:35,422.74,324.77
1843,2022/3/16 2:36,422.66,324.77
1844,2022/3/16 2:37,422.54,324.67
1845,2022/3/16 2:38,422.42,324.54
1846,2022/3/16 2:39,422.625,324.67
1847,2022/3/16 2:40,422.88,324.83
1848,2022/3/16 2:41,422.99,324.9
1849,2022/3/16 2:42,423.04,324.94
1850,2022/3/16 2:43,423.01,324.83
1851,2022/3/16 2:44,423.11,325.035
1852,2022/3/16 2:45,423.74,325.71
1853,2022/3/16 2:46,423.73,325.68
1854,2022/3/16 2:47,423.77,325.68
1855,2022/3/16 2:48,423.72,325.59
1856,2022/3/16 2:49,423.93,325.75
1857,2022/3/16 2:50,424.15,325.98
1858,2022/3/16 2:51,424.2,326.05
1859,2022/3/16 2:52,424.02,325.83
1860,2022/3/16 2:53,424.17,325.88
1861,2022/3/16 2:54,424.16,325.94
1862,2022/3/16 2:55,424.15,325.93
1863,2022/3/16 2:56,424.13,325.86
1864,2022/3/16 2:57,424.06,325.77
1865,2022/3/16 2:58,424.22,325.86
1866,2022/3/16 2:59,424.64,326.27
1867,2022/3/16 3:00,424.47,326.12
1868,2022/3/16 3:01,424.8,326.43
1869,2022/3/16 3:02,424.72,326.46
1870,2022/3/16 3:03,424.57,326.34
1871,2022/3/16 3:04,424.61,326.33
1872,2022/3/16 3:05,424.78,326.49
1873,2022/3/16 3:06,424.84,326.53
1874,2022/3/16 3:07,424.8,326.55
1875,2022/3/16 3:08,424.84,326.62
1876,2022/3/16 3:09,424.66,326.52
1877,2022/3/16 3:10,424.83,326.64
1878,2022/3/16 3:11,424.82,326.66
1879,2022/3/16 3:12,424.96,326.7
1880,2022/3/16 3:13,424.725,326.45
1881,2022/3/16 3:14,424.71,326.44
1882,2022/3/16 3:15,425.06,326.77
1883,2022/3/16 3:16,425.29,327.02
1884,2022/3/16 3:17,425.5,327.22
1885,2022/3/16 3:18,425.49,327.4
1886,2022/3/16 3:19,425.61,327.44
1887,2022/3/16 3:20,425.45,327.38
1888,2022/3/16 3:21,425.76,327.69
1889,2022/3/16 3:22,425.87,327.74
1890,2022/3/16 3:23,425.78,327.68
1891,2022/3/16 3:24,425.86,327.79
1892,2022/3/16 3:25,425.92,327.8
1893,2022/3/16 3:26,425.87,327.83
1894,2022/3/16 3:27,425.88,327.81
1895,2022/3/16 3:28,425.76,327.67
1896,2022/3/16 3:29,425.78,327.69
1897,2022/3/16 3:30,426,328.04
1898,2022/3/16 3:31,426.26,328.31
1899,2022/3/16 3:32,426.41,328.48
1900,2022/3/16 3:33,426.29,328.43
1901,2022/3/16 3:34,425.88,328.08
1902,2022/3/16 3:35,425.95,328.17
1903,2022/3/16 3:36,425.72,327.87
1904,2022/3/16 3:37,425.87,328.03
1905,2022/3/16 3:38,425.72,327.9
1906,2022/3/16 3:39,425.985,328.14
1907,2022/3/16 3:40,425.64,327.85
1908,2022/3/16 3:41,425.6,327.81
1909,2022/3/16 3:42,425.87,328.04
1910,2022/3/16 3:43,425.64,327.81
1911,2022/3/16 3:44,425.93,327.94
1912,2022/3/16 3:45,425.61,327.74
1913,2022/3/16 3:46,425.83,328.05
1914,2022/3/16 3:47,425.56,327.86
1915,2022/3/16 3:48,425.57,327.82
1916,2022/3/16 3:49,426.1,328.24
1917,2022/3/16 3:50,426.21,328.41
1918,2022/3/16 3:51,426.49,328.7
1919,2022/3/16 3:52,426.53,328.74
1920,2022/3/16 3:53,426.6,328.8
1921,2022/3/16 3:54,426.22,328.44
1922,2022/3/16 3:55,425.975,328.24
1923,2022/3/16 3:56,425.96,328.2
1924,2022/3/16 3:57,425.88,328.11
1925,2022/3/16 3:58,425.75,328.07
1926,2022/3/16 3:59,426.14,328.17
1927,2022/3/16 4:00,426.05,328.14
1928,2022/3/16 4:01,426.06,328.08
1929,2022/3/16 4:02,425.74,327.95
1930,2022/3/16 4:03,425.76,328
1931,2022/3/16 4:04,425.76,327.9
1932,2022/3/16 4:05,425.75,328.02
1933,2022/3/16 4:06,425.5,327.91
1934,2022/3/16 4:07,425.5,327.91
1935,2022/3/16 4:08,425.45,327.79
1936,2022/3/16 4:09,425.46,327.77
1937,2022/3/16 4:10,425.47,327.88
1938,2022/3/16 4:11,425.44,327.77
1939,2022/3/16 4:12,425.59,327.83
1940,2022/3/16 4:13,425.61,327.86
1941,2022/3/16 4:14,425.36,327.76
1942,2022/3/16 4:15,425.41,327.7
1943,2022/3/16 4:16,425.58,327.85
1944,2022/3/16 4:18,425.64,328
1945,2022/3/16 4:19,425.59,327.93
1946,2022/3/16 4:20,425.58,327.95
1947,2022/3/16 4:21,425.69,328.03
1948,2022/3/16 4:22,425.65,327.95
1949,2022/3/16 4:23,425.62,327.94
1950,2022/3/16 4:25,425.65,327.95
1951,2022/3/16 4:26,425.4,327.92
1952,2022/3/16 4:27,425.68,327.94
1953,2022/3/16 4:28,425.54,327.92
1954,2022/3/16 4:29,425.57,327.95
1955,2022/3/16 4:30,425.52,327.91
1956,2022/3/16 4:31,425.5,327.84
1957,2022/3/16 4:33,425.51,327.87
1958,2022/3/16 4:34,425.5,327.83
1959,2022/3/16 4:35,425.47,327.86
1960,2022/3/16 4:36,425.55,327.94
1961,2022/3/16 4:37,425.6,327.97
1962,2022/3/16 4:40,425.88,328.08
1963,2022/3/16 4:44,425.76,328.1
1964,2022/3/16 4:52,425.76,328.06
1965,2022/3/16 4:54,425.72,328.05
1966,2022/3/16 4:59,425.51,327.86
1967,2022/3/16 5:04,425.6,327.99
1968,2022/3/16 5:08,425.46,328
1969,2022/3/16 5:19,425.47,327.97
1970,2022/3/16 5:27,425.55,328.05
1971,2022/3/16 5:54,425.57,328.1
1972,2022/3/16 5:58,425.53,328.11
1973,2022/3/16 6:09,425.31,327.74
1974,2022/3/16 6:14,425.36,327.6
1975,2022/3/16 6:27,425.4,327.84
1976,2022/3/16 6:39,425.23,327.79
1977,2022/3/16 6:43,425.36,327.79
1978,2022/3/16 6:48,425.36,327.8
